Pt,T,Vf,Im,Vu,Sig,Ach,IERange,Over
0,1,-7.83841E-001,-6.36944E-006,0.00000E+000,-7.83296E-001,0.00000E+000,7,...........
1,2,-7.83695E-001,-6.19182E-006,0.00000E+000,-7.83146E-001,0.00000E+000,7,...........
2,3,-7.83547E-001,-6.08374E-006,0.00000E+000,-7.82996E-001,0.00000E+000,7,...........
3,4,-7.83341E-001,-5.99326E-006,0.00000E+000,-7.82796E-001,0.00000E+000,7,...........
4,5,-7.83195E-001,-5.92294E-006,0.00000E+000,-7.82646E-001,0.00000E+000,7,...........
5,6,-7.83048E-001,-5.85605E-006,0.00000E+000,-7.82496E-001,0.00000E+000,7,...........
6,7,-7.82856E-001,-5.80627E-006,0.00000E+000,-7.82296E-001,0.00000E+000,7,...........
7,8,-7.82701E-001,-5.75512E-006,0.00000E+000,-7.82146E-001,0.00000E+000,7,...........
8,9,-7.82545E-001,-5.71015E-006,0.00000E+000,-7.81996E-001,0.00000E+000,7,...........
9,10,-7.82356E-001,-5.65889E-006,0.00000E+000,-7.81796E-001,0.00000E+000,7,...........
10,11,-7.82201E-001,-5.61036E-006,0.00000E+000,-7.81646E-001,0.00000E+000,7,...........
11,12,-7.82053E-001,-5.58085E-006,0.00000E+000,-7.81496E-001,0.00000E+000,7,...........
12,13,-7.81851E-001,-5.51124E-006,0.00000E+000,-7.81296E-001,0.00000E+000,7,...........
13,14,-7.81709E-001,-5.48464E-006,0.00000E+000,-7.81146E-001,0.00000E+000,7,...........
14,15,-7.81553E-001,-5.45126E-006,0.00000E+000,-7.80996E-001,0.00000E+000,7,...........
15,16,-7.81361E-001,-5.36928E-006,0.00000E+000,-7.80796E-001,0.00000E+000,7,...........
16,17,-7.81208E-001,-5.34425E-006,0.00000E+000,-7.80646E-001,0.00000E+000,7,...........
17,18,-7.81037E-001,-5.31810E-006,0.00000E+000,-7.80496E-001,0.00000E+000,7,...........
18,19,-7.80836E-001,-5.26094E-006,0.00000E+000,-7.80296E-001,0.00000E+000,7,...........
19,20,-7.80682E-001,-5.23270E-006,0.00000E+000,-7.80146E-001,0.00000E+000,7,...........
20,21,-7.80534E-001,-5.20595E-006,0.00000E+000,-7.79996E-001,0.00000E+000,7,...........
21,22,-7.80330E-001,-5.13768E-006,0.00000E+000,-7.79796E-001,0.00000E+000,7,...........
22,23,-7.80184E-001,-5.10547E-006,0.00000E+000,-7.79646E-001,0.00000E+000,7,...........
23,24,-7.80025E-001,-5.08432E-006,0.00000E+000,-7.79496E-001,0.00000E+000,7,...........
24,25,-7.79841E-001,-5.02000E-006,0.00000E+000,-7.79296E-001,0.00000E+000,7,...........
25,26,-7.79686E-001,-4.99296E-006,0.00000E+000,-7.79146E-001,0.00000E+000,7,...........
26,27,-7.79535E-001,-4.95706E-006,0.00000E+000,-7.78996E-001,0.00000E+000,7,...........
27,28,-7.79339E-001,-4.89588E-006,0.00000E+000,-7.78796E-001,0.00000E+000,7,...........
28,29,-7.79187E-001,-4.87259E-006,0.00000E+000,-7.78646E-001,0.00000E+000,7,...........
29,30,-7.79042E-001,-4.82928E-006,0.00000E+000,-7.78496E-001,0.00000E+000,7,...........
30,31,-7.78839E-001,-4.76958E-006,0.00000E+000,-7.78296E-001,0.00000E+000,7,...........
31,32,-7.78687E-001,-4.74148E-006,0.00000E+000,-7.78146E-001,0.00000E+000,7,...........
32,33,-7.78543E-001,-4.71088E-006,0.00000E+000,-7.77996E-001,0.00000E+000,7,...........
33,34,-7.78347E-001,-4.63948E-006,0.00000E+000,-7.77796E-001,0.00000E+000,7,...........
34,35,-7.78198E-001,-4.60450E-006,0.00000E+000,-7.77646E-001,0.00000E+000,7,...........
35,36,-7.78047E-001,-4.55994E-006,0.00000E+000,-7.77496E-001,0.00000E+000,7,...........
36,37,-7.77836E-001,-4.50604E-006,0.00000E+000,-7.77296E-001,0.00000E+000,7,...........
37,38,-7.77692E-001,-4.48555E-006,0.00000E+000,-7.77146E-001,0.00000E+000,7,...........
38,39,-7.77537E-001,-4.44246E-006,0.00000E+000,-7.76996E-001,0.00000E+000,7,...........
39,40,-7.77338E-001,-4.39869E-006,0.00000E+000,-7.76796E-001,0.00000E+000,7,...........
40,41,-7.77191E-001,-4.36436E-006,0.00000E+000,-7.76646E-001,0.00000E+000,7,...........
41,42,-7.77040E-001,-4.33440E-006,0.00000E+000,-7.76496E-001,0.00000E+000,7,...........
42,43,-7.76844E-001,-4.27615E-006,0.00000E+000,-7.76296E-001,0.00000E+000,7,...........
43,44,-7.76693E-001,-4.24016E-006,0.00000E+000,-7.76146E-001,0.00000E+000,7,...........
44,45,-7.76498E-001,-4.16250E-006,0.00000E+000,-7.75946E-001,0.00000E+000,7,...........
45,46,-7.76341E-001,-4.14105E-006,0.00000E+000,-7.75797E-001,0.00000E+000,7,...........
46,47,-7.76196E-001,-4.10464E-006,0.00000E+000,-7.75647E-001,0.00000E+000,7,...........
47,48,-7.75989E-001,-4.05500E-006,0.00000E+000,-7.75447E-001,0.00000E+000,7,...........
48,49,-7.75846E-001,-4.00726E-006,0.00000E+000,-7.75297E-001,0.00000E+000,7,...........
49,50,-7.75698E-001,-3.97275E-006,0.00000E+000,-7.75147E-001,0.00000E+000,7,...........
50,51,-7.75503E-001,-3.90567E-006,0.00000E+000,-7.74947E-001,0.00000E+000,7,...........
51,52,-7.75344E-001,-3.89152E-006,0.00000E+000,-7.74797E-001,0.00000E+000,7,...........
52,53,-7.75203E-001,-3.84481E-006,0.00000E+000,-7.74647E-001,0.00000E+000,7,...........
53,54,-7.75002E-001,-3.77832E-006,0.00000E+000,-7.74447E-001,0.00000E+000,7,...........
54,55,-7.74855E-001,-3.74770E-006,0.00000E+000,-7.74297E-001,0.00000E+000,7,...........
55,56,-7.74689E-001,-3.71463E-006,0.00000E+000,-7.74147E-001,0.00000E+000,7,...........
56,57,-7.74495E-001,-3.64867E-006,0.00000E+000,-7.73947E-001,0.00000E+000,7,...........
57,58,-7.74342E-001,-3.60133E-006,0.00000E+000,-7.73797E-001,0.00000E+000,7,...........
58,59,-7.74205E-001,-3.56119E-006,0.00000E+000,-7.73647E-001,0.00000E+000,7,...........
59,60,-7.74005E-001,-3.51309E-006,0.00000E+000,-7.73447E-001,0.00000E+000,7,...........
60,61,-7.73841E-001,-3.45692E-006,0.00000E+000,-7.73297E-001,0.00000E+000,7,...........
61,62,-7.73699E-001,-3.44172E-006,0.00000E+000,-7.73147E-001,0.00000E+000,7,...........
62,63,-7.73499E-001,-3.38023E-006,0.00000E+000,-7.72947E-001,0.00000E+000,7,...........
63,64,-7.73352E-001,-3.33140E-006,0.00000E+000,-7.72797E-001,0.00000E+000,7,...........
64,65,-7.73207E-001,-3.29891E-006,0.00000E+000,-7.72647E-001,0.00000E+000,7,...........
65,66,-7.72999E-001,-3.24672E-006,0.00000E+000,-7.72447E-001,0.00000E+000,7,...........
66,67,-7.72848E-001,-3.21302E-006,0.00000E+000,-7.72297E-001,0.00000E+000,7,...........
67,68,-7.72698E-001,-3.15206E-006,0.00000E+000,-7.72147E-001,0.00000E+000,7,...........
68,69,-7.72507E-001,-3.10072E-006,0.00000E+000,-7.71947E-001,0.00000E+000,7,...........
69,70,-7.72351E-001,-3.04664E-006,0.00000E+000,-7.71797E-001,0.00000E+000,7,...........
70,71,-7.72203E-001,-3.01191E-006,0.00000E+000,-7.71647E-001,0.00000E+000,7,...........
71,72,-7.72007E-001,-2.95220E-006,0.00000E+000,-7.71447E-001,0.00000E+000,7,...........
72,73,-7.71854E-001,-2.92815E-006,0.00000E+000,-7.71297E-001,0.00000E+000,7,...........
73,74,-7.71706E-001,-2.87891E-006,0.00000E+000,-7.71147E-001,0.00000E+000,7,...........
74,75,-7.71509E-001,-2.81533E-006,0.00000E+000,-7.70947E-001,0.00000E+000,7,...........
75,76,-7.71349E-001,-2.76863E-006,0.00000E+000,-7.70797E-001,0.00000E+000,7,...........
76,77,-7.71194E-001,-2.73791E-006,0.00000E+000,-7.70647E-001,0.00000E+000,7,...........
77,78,-7.71005E-001,-2.68437E-006,0.00000E+000,-7.70447E-001,0.00000E+000,7,...........
78,79,-7.70862E-001,-2.62359E-006,0.00000E+000,-7.70297E-001,0.00000E+000,7,...........
79,80,-7.70703E-001,-2.58978E-006,0.00000E+000,-7.70147E-001,0.00000E+000,7,...........
80,81,-7.70511E-001,-2.51159E-006,0.00000E+000,-7.69947E-001,0.00000E+000,7,...........
81,82,-7.70355E-001,-2.50051E-006,0.00000E+000,-7.69797E-001,0.00000E+000,7,...........
82,83,-7.70211E-001,-2.43117E-006,0.00000E+000,-7.69647E-001,0.00000E+000,7,...........
83,84,-7.70008E-001,-2.38366E-006,0.00000E+000,-7.69447E-001,0.00000E+000,7,...........
84,85,-7.69856E-001,-2.33517E-006,0.00000E+000,-7.69297E-001,0.00000E+000,7,...........
85,86,-7.69704E-001,-2.30665E-006,0.00000E+000,-7.69147E-001,0.00000E+000,7,...........
86,87,-7.69506E-001,-2.23043E-006,0.00000E+000,-7.68947E-001,0.00000E+000,7,...........
87,88,-7.69358E-001,-2.19561E-006,0.00000E+000,-7.68797E-001,0.00000E+000,7,...........
88,89,-7.69222E-001,-2.14360E-006,0.00000E+000,-7.68647E-001,0.00000E+000,7,...........
89,90,-7.69009E-001,-2.08346E-006,0.00000E+000,-7.68447E-001,0.00000E+000,7,...........
90,91,-7.68857E-001,-2.01827E-006,0.00000E+000,-7.68297E-001,0.00000E+000,7,...........
91,92,-7.68702E-001,-2.00684E-006,0.00000E+000,-7.68147E-001,0.00000E+000,7,...........
92,93,-7.68504E-001,-1.93384E-006,0.00000E+000,-7.67947E-001,0.00000E+000,7,...........
93,94,-7.68341E-001,-1.88100E-006,0.00000E+000,-7.67797E-001,0.00000E+000,7,...........
94,95,-7.68145E-001,-1.81563E-006,0.00000E+000,-7.67597E-001,0.00000E+000,7,...........
95,96,-7.67999E-001,-1.76470E-006,0.00000E+000,-7.67447E-001,0.00000E+000,7,...........
96,97,-7.67836E-001,-1.74589E-006,0.00000E+000,-7.67297E-001,0.00000E+000,7,...........
97,98,-7.67655E-001,-1.66155E-006,0.00000E+000,-7.67097E-001,0.00000E+000,7,...........
98,99,-7.67492E-001,-1.61255E-006,0.00000E+000,-7.66947E-001,0.00000E+000,7,...........
99,100,-7.67344E-001,-1.57915E-006,0.00000E+000,-7.66797E-001,0.00000E+000,7,...........
100,101,-7.67145E-001,-1.51485E-006,0.00000E+000,-7.66597E-001,0.00000E+000,7,...........
101,102,-7.66997E-001,-1.47021E-006,0.00000E+000,-7.66447E-001,0.00000E+000,7,...........
102,103,-7.66847E-001,-1.42755E-006,0.00000E+000,-7.66297E-001,0.00000E+000,7,...........
103,104,-7.66647E-001,-1.34336E-006,0.00000E+000,-7.66097E-001,0.00000E+000,7,...........
104,105,-7.66497E-001,-1.31289E-006,0.00000E+000,-7.65947E-001,0.00000E+000,7,...........
105,106,-7.66346E-001,-1.25455E-006,0.00000E+000,-7.65797E-001,0.00000E+000,7,...........
106,107,-7.66152E-001,-1.18953E-006,0.00000E+000,-7.65597E-001,0.00000E+000,7,...........
107,108,-7.66000E-001,-1.14949E-006,0.00000E+000,-7.65447E-001,0.00000E+000,7,...........
108,109,-7.65851E-001,-1.09849E-006,0.00000E+000,-7.65297E-001,0.00000E+000,7,...........
109,110,-7.65654E-001,-1.02270E-006,0.00000E+000,-7.65097E-001,0.00000E+000,7,...........
110,111,-7.65500E-001,-9.78486E-007,0.00000E+000,-7.64947E-001,0.00000E+000,7,...........
111,112,-7.65351E-001,-9.30147E-007,0.00000E+000,-7.64797E-001,0.00000E+000,7,...........
112,113,-7.65144E-001,-8.71902E-007,0.00000E+000,-7.64597E-001,0.00000E+000,7,...........
113,114,-7.64986E-001,-8.22735E-007,0.00000E+000,-7.64447E-001,0.00000E+000,7,...........
114,115,-7.64841E-001,-7.53189E-007,0.00000E+000,-7.64297E-001,0.00000E+000,7,...........
115,116,-7.64640E-001,-6.94548E-007,0.00000E+000,-7.64097E-001,0.00000E+000,6,...........
116,117,-7.64496E-001,-6.45744E-007,0.00000E+000,-7.63947E-001,0.00000E+000,6,...........
117,118,-7.64343E-001,-5.86650E-007,0.00000E+000,-7.63797E-001,0.00000E+000,6,...........
118,119,-7.64144E-001,-5.14323E-007,0.00000E+000,-7.63597E-001,0.00000E+000,6,...........
119,120,-7.63991E-001,-4.66545E-007,0.00000E+000,-7.63447E-001,0.00000E+000,6,...........
120,121,-7.63840E-001,-4.15345E-007,0.00000E+000,-7.63297E-001,0.00000E+000,6,...........
121,122,-7.63650E-001,-3.29874E-007,0.00000E+000,-7.63097E-001,0.00000E+000,6,...........
122,123,-7.63495E-001,-2.92218E-007,0.00000E+000,-7.62947E-001,0.00000E+000,6,...........
123,124,-7.63353E-001,-2.31458E-007,0.00000E+000,-7.62797E-001,0.00000E+000,6,...........
124,125,-7.63148E-001,-1.81341E-007,0.00000E+000,-7.62597E-001,0.00000E+000,6,...........
125,126,-7.63003E-001,-1.23572E-007,0.00000E+000,-7.62447E-001,0.00000E+000,6,...........
126,127,-7.62851E-001,-8.18778E-008,0.00000E+000,-7.62297E-001,0.00000E+000,6,...........
127,128,-7.62650E-001,7.00340E-009,0.00000E+000,-7.62097E-001,0.00000E+000,6,...........
128,129,-7.62506E-001,5.61288E-008,0.00000E+000,-7.61947E-001,0.00000E+000,5,...........
129,130,-7.62365E-001,9.14362E-008,0.00000E+000,-7.61797E-001,0.00000E+000,5,....ih.....
130,131,-7.62151E-001,1.67002E-007,0.00000E+000,-7.61597E-001,0.00000E+000,6,...........
131,132,-7.62013E-001,2.31692E-007,0.00000E+000,-7.61447E-001,0.00000E+000,6,...........
132,133,-7.61849E-001,2.79797E-007,0.00000E+000,-7.61297E-001,0.00000E+000,6,...........
133,134,-7.61650E-001,3.51293E-007,0.00000E+000,-7.61097E-001,0.00000E+000,6,...........
134,135,-7.61504E-001,4.21461E-007,0.00000E+000,-7.60947E-001,0.00000E+000,6,...........
135,136,-7.61358E-001,4.84627E-007,0.00000E+000,-7.60797E-001,0.00000E+000,6,...........
136,137,-7.61165E-001,5.61966E-007,0.00000E+000,-7.60597E-001,0.00000E+000,6,...........
137,138,-7.61009E-001,5.95306E-007,0.00000E+000,-7.60448E-001,0.00000E+000,6,...........
138,139,-7.60860E-001,6.52778E-007,0.00000E+000,-7.60297E-001,0.00000E+000,6,...........
139,140,-7.60663E-001,7.30666E-007,0.00000E+000,-7.60098E-001,0.00000E+000,6,...........
140,141,-7.60528E-001,7.83805E-007,0.00000E+000,-7.59948E-001,0.00000E+000,6,...........
141,142,-7.60314E-001,8.52302E-007,0.00000E+000,-7.59748E-001,0.00000E+000,6,...........
142,143,-7.60167E-001,9.15218E-007,0.00000E+000,-7.59598E-001,0.00000E+000,6,...........
143,144,-7.60014E-001,9.81102E-007,0.00000E+000,-7.59448E-001,0.00000E+000,7,...........
144,145,-7.59811E-001,1.04506E-006,0.00000E+000,-7.59248E-001,0.00000E+000,7,...........
145,146,-7.59663E-001,1.10931E-006,0.00000E+000,-7.59098E-001,0.00000E+000,7,...........
146,147,-7.59520E-001,1.17363E-006,0.00000E+000,-7.58948E-001,0.00000E+000,7,...........
147,148,-7.59307E-001,1.23299E-006,0.00000E+000,-7.58748E-001,0.00000E+000,7,...........
148,149,-7.59160E-001,1.30575E-006,0.00000E+000,-7.58598E-001,0.00000E+000,7,...........
149,150,-7.59017E-001,1.35290E-006,0.00000E+000,-7.58448E-001,0.00000E+000,7,...........
150,151,-7.58817E-001,1.43944E-006,0.00000E+000,-7.58248E-001,0.00000E+000,7,...........
151,152,-7.58658E-001,1.50118E-006,0.00000E+000,-7.58098E-001,0.00000E+000,7,...........
152,153,-7.58514E-001,1.56732E-006,0.00000E+000,-7.57948E-001,0.00000E+000,7,...........
153,154,-7.58319E-001,1.65050E-006,0.00000E+000,-7.57748E-001,0.00000E+000,7,...........
154,155,-7.58159E-001,1.70476E-006,0.00000E+000,-7.57598E-001,0.00000E+000,7,...........
155,156,-7.58010E-001,1.76400E-006,0.00000E+000,-7.57448E-001,0.00000E+000,7,...........
156,157,-7.57808E-001,1.84897E-006,0.00000E+000,-7.57248E-001,0.00000E+000,7,...........
157,158,-7.57663E-001,1.90999E-006,0.00000E+000,-7.57098E-001,0.00000E+000,7,...........
158,159,-7.57514E-001,1.96058E-006,0.00000E+000,-7.56948E-001,0.00000E+000,7,...........
159,160,-7.57319E-001,2.04470E-006,0.00000E+000,-7.56748E-001,0.00000E+000,7,...........
160,161,-7.57165E-001,2.11790E-006,0.00000E+000,-7.56598E-001,0.00000E+000,7,...........
161,162,-7.57019E-001,2.17903E-006,0.00000E+000,-7.56448E-001,0.00000E+000,7,...........
162,163,-7.56818E-001,2.24356E-006,0.00000E+000,-7.56248E-001,0.00000E+000,7,...........
163,164,-7.56670E-001,2.31416E-006,0.00000E+000,-7.56098E-001,0.00000E+000,7,...........
164,165,-7.56521E-001,2.36925E-006,0.00000E+000,-7.55948E-001,0.00000E+000,7,...........
165,166,-7.56320E-001,2.46213E-006,0.00000E+000,-7.55748E-001,0.00000E+000,7,...........
166,167,-7.56176E-001,2.52178E-006,0.00000E+000,-7.55598E-001,0.00000E+000,7,...........
167,168,-7.56025E-001,2.60348E-006,0.00000E+000,-7.55448E-001,0.00000E+000,7,...........
168,169,-7.55819E-001,2.68389E-006,0.00000E+000,-7.55248E-001,0.00000E+000,7,...........
169,170,-7.55672E-001,2.74719E-006,0.00000E+000,-7.55098E-001,0.00000E+000,7,...........
170,171,-7.55515E-001,2.80345E-006,0.00000E+000,-7.54948E-001,0.00000E+000,7,...........
171,172,-7.55301E-001,2.89003E-006,0.00000E+000,-7.54748E-001,0.00000E+000,7,...........
172,173,-7.55144E-001,2.96030E-006,0.00000E+000,-7.54598E-001,0.00000E+000,7,...........
173,174,-7.54996E-001,3.03840E-006,0.00000E+000,-7.54448E-001,0.00000E+000,7,...........
174,175,-7.54805E-001,3.13225E-006,0.00000E+000,-7.54248E-001,0.00000E+000,7,...........
175,176,-7.54649E-001,3.19339E-006,0.00000E+000,-7.54098E-001,0.00000E+000,7,...........
176,177,-7.54511E-001,3.24581E-006,0.00000E+000,-7.53948E-001,0.00000E+000,7,...........
177,178,-7.54304E-001,3.34636E-006,0.00000E+000,-7.53748E-001,0.00000E+000,7,...........
178,179,-7.54148E-001,3.39783E-006,0.00000E+000,-7.53598E-001,0.00000E+000,7,...........
179,180,-7.54006E-001,3.49072E-006,0.00000E+000,-7.53448E-001,0.00000E+000,7,...........
180,181,-7.53812E-001,3.58828E-006,0.00000E+000,-7.53248E-001,0.00000E+000,7,...........
181,182,-7.53649E-001,3.65380E-006,0.00000E+000,-7.53098E-001,0.00000E+000,7,...........
182,183,-7.53503E-001,3.72675E-006,0.00000E+000,-7.52948E-001,0.00000E+000,7,...........
183,184,-7.53302E-001,3.80401E-006,0.00000E+000,-7.52748E-001,0.00000E+000,7,...........
184,185,-7.53158E-001,3.88659E-006,0.00000E+000,-7.52598E-001,0.00000E+000,7,...........
185,186,-7.53014E-001,3.95509E-006,0.00000E+000,-7.52448E-001,0.00000E+000,7,...........
186,187,-7.52807E-001,4.04690E-006,0.00000E+000,-7.52248E-001,0.00000E+000,7,...........
187,188,-7.52659E-001,4.11915E-006,0.00000E+000,-7.52098E-001,0.00000E+000,7,...........
188,189,-7.52510E-001,4.18393E-006,0.00000E+000,-7.51948E-001,0.00000E+000,7,...........
189,190,-7.52306E-001,4.28064E-006,0.00000E+000,-7.51748E-001,0.00000E+000,7,...........
190,191,-7.52151E-001,4.36491E-006,0.00000E+000,-7.51598E-001,0.00000E+000,7,...........
191,192,-7.51960E-001,4.45900E-006,0.00000E+000,-7.51398E-001,0.00000E+000,7,...........
192,193,-7.51804E-001,4.53067E-006,0.00000E+000,-7.51248E-001,0.00000E+000,7,...........
193,194,-7.51656E-001,4.60775E-006,0.00000E+000,-7.51098E-001,0.00000E+000,7,...........
194,195,-7.51448E-001,4.71689E-006,0.00000E+000,-7.50898E-001,0.00000E+000,7,...........
195,196,-7.51310E-001,4.77861E-006,0.00000E+000,-7.50748E-001,0.00000E+000,7,...........
196,197,-7.51150E-001,4.84564E-006,0.00000E+000,-7.50598E-001,0.00000E+000,7,...........
197,198,-7.50960E-001,4.95247E-006,0.00000E+000,-7.50398E-001,0.00000E+000,7,...........
198,199,-7.50817E-001,5.04792E-006,0.00000E+000,-7.50248E-001,0.00000E+000,7,...........
199,200,-7.50660E-001,5.11147E-006,0.00000E+000,-7.50098E-001,0.00000E+000,7,...........
200,201,-7.50469E-001,5.21397E-006,0.00000E+000,-7.49898E-001,0.00000E+000,7,...........
201,202,-7.50306E-001,5.27472E-006,0.00000E+000,-7.49748E-001,0.00000E+000,7,...........
202,203,-7.50164E-001,5.36248E-006,0.00000E+000,-7.49598E-001,0.00000E+000,7,...........
203,204,-7.49961E-001,5.48742E-006,0.00000E+000,-7.49398E-001,0.00000E+000,7,...........
204,205,-7.49806E-001,5.55471E-006,0.00000E+000,-7.49248E-001,0.00000E+000,7,...........
205,206,-7.49663E-001,5.63325E-006,0.00000E+000,-7.49098E-001,0.00000E+000,7,...........
206,207,-7.49459E-001,5.72073E-006,0.00000E+000,-7.48898E-001,0.00000E+000,7,...........
207,208,-7.49320E-001,5.81468E-006,0.00000E+000,-7.48748E-001,0.00000E+000,7,...........
208,209,-7.49160E-001,5.89182E-006,0.00000E+000,-7.48598E-001,0.00000E+000,7,...........
209,210,-7.48942E-001,6.00214E-006,0.00000E+000,-7.48398E-001,0.00000E+000,7,...........
210,211,-7.48799E-001,6.09086E-006,0.00000E+000,-7.48248E-001,0.00000E+000,7,...........
211,212,-7.48645E-001,6.16437E-006,0.00000E+000,-7.48098E-001,0.00000E+000,7,...........
212,213,-7.48447E-001,6.26414E-006,0.00000E+000,-7.47898E-001,0.00000E+000,7,...........
213,214,-7.48302E-001,6.36159E-006,0.00000E+000,-7.47748E-001,0.00000E+000,7,...........
214,215,-7.48161E-001,6.43627E-006,0.00000E+000,-7.47598E-001,0.00000E+000,7,...........
215,216,-7.47962E-001,6.55901E-006,0.00000E+000,-7.47398E-001,0.00000E+000,7,...........
216,217,-7.47813E-001,6.64019E-006,0.00000E+000,-7.47248E-001,0.00000E+000,7,...........
217,218,-7.47673E-001,6.71250E-006,0.00000E+000,-7.47098E-001,0.00000E+000,7,...........
218,219,-7.47452E-001,6.82756E-006,0.00000E+000,-7.46898E-001,0.00000E+000,7,...........
219,220,-7.47301E-001,6.92219E-006,0.00000E+000,-7.46748E-001,0.00000E+000,7,...........
220,221,-7.47162E-001,7.01957E-006,0.00000E+000,-7.46598E-001,0.00000E+000,7,...........
221,222,-7.46954E-001,7.12443E-006,0.00000E+000,-7.46398E-001,0.00000E+000,7,...........
222,223,-7.46809E-001,7.20092E-006,0.00000E+000,-7.46248E-001,0.00000E+000,7,...........
223,224,-7.46670E-001,7.29232E-006,0.00000E+000,-7.46098E-001,0.00000E+000,7,...........
224,225,-7.46472E-001,7.41525E-006,0.00000E+000,-7.45898E-001,0.00000E+000,7,...........
225,226,-7.46323E-001,7.51776E-006,0.00000E+000,-7.45748E-001,0.00000E+000,7,...........
226,227,-7.46172E-001,7.57904E-006,0.00000E+000,-7.45598E-001,0.00000E+000,7,...........
227,228,-7.45973E-001,7.73518E-006,0.00000E+000,-7.45398E-001,0.00000E+000,7,...........
228,229,-7.45811E-001,7.80484E-006,0.00000E+000,-7.45248E-001,0.00000E+000,7,...........
229,230,-7.45667E-001,7.89069E-006,0.00000E+000,-7.45098E-001,0.00000E+000,7,...........
230,231,-7.45468E-001,8.02263E-006,0.00000E+000,-7.44898E-001,0.00000E+000,7,...........
231,232,-7.45320E-001,8.10401E-006,0.00000E+000,-7.44748E-001,0.00000E+000,7,...........
232,233,-7.45169E-001,8.20338E-006,0.00000E+000,-7.44599E-001,0.00000E+000,7,...........
233,234,-7.44972E-001,8.31959E-006,0.00000E+000,-7.44398E-001,0.00000E+000,7,...........
234,235,-7.44818E-001,8.42487E-006,0.00000E+000,-7.44249E-001,0.00000E+000,7,...........
235,236,-7.44672E-001,8.52810E-006,0.00000E+000,-7.44099E-001,0.00000E+000,7,...........
236,237,-7.44469E-001,8.63719E-006,0.00000E+000,-7.43899E-001,0.00000E+000,7,...........
237,238,-7.44327E-001,8.73714E-006,0.00000E+000,-7.43749E-001,0.00000E+000,7,...........
238,239,-7.44117E-001,8.86568E-006,0.00000E+000,-7.43549E-001,0.00000E+000,7,...........
239,240,-7.43975E-001,8.94639E-006,0.00000E+000,-7.43399E-001,0.00000E+000,7,...........
240,241,-7.43811E-001,9.00536E-006,0.00000E+000,-7.43249E-001,0.00000E+000,8,...........
241,242,-7.43607E-001,9.14496E-006,0.00000E+000,-7.43049E-001,0.00000E+000,8,...........
242,243,-7.43467E-001,9.24450E-006,0.00000E+000,-7.42899E-001,0.00000E+000,8,...........
243,244,-7.43318E-001,9.33138E-006,0.00000E+000,-7.42749E-001,0.00000E+000,8,...........
244,245,-7.43108E-001,9.48980E-006,0.00000E+000,-7.42549E-001,0.00000E+000,8,...........
245,246,-7.42975E-001,9.57919E-006,0.00000E+000,-7.42399E-001,0.00000E+000,8,...........
246,247,-7.42814E-001,9.67354E-006,0.00000E+000,-7.42249E-001,0.00000E+000,8,...........
247,248,-7.42593E-001,9.80044E-006,0.00000E+000,-7.42049E-001,0.00000E+000,8,...........
248,249,-7.42434E-001,9.91506E-006,0.00000E+000,-7.41899E-001,0.00000E+000,8,...........
249,250,-7.42285E-001,1.00236E-005,0.00000E+000,-7.41749E-001,0.00000E+000,8,...........
250,251,-7.42084E-001,1.01590E-005,0.00000E+000,-7.41549E-001,0.00000E+000,8,...........
251,252,-7.41936E-001,1.02590E-005,0.00000E+000,-7.41399E-001,0.00000E+000,8,...........
252,253,-7.41792E-001,1.03619E-005,0.00000E+000,-7.41249E-001,0.00000E+000,8,...........
253,254,-7.41593E-001,1.05032E-005,0.00000E+000,-7.41049E-001,0.00000E+000,8,...........
254,255,-7.41440E-001,1.06222E-005,0.00000E+000,-7.40899E-001,0.00000E+000,8,...........
255,256,-7.41288E-001,1.07049E-005,0.00000E+000,-7.40749E-001,0.00000E+000,8,...........
256,257,-7.41095E-001,1.08827E-005,0.00000E+000,-7.40549E-001,0.00000E+000,8,...........
257,258,-7.40943E-001,1.09619E-005,0.00000E+000,-7.40399E-001,0.00000E+000,8,...........
258,259,-7.40789E-001,1.10646E-005,0.00000E+000,-7.40249E-001,0.00000E+000,8,...........
259,260,-7.40590E-001,1.11958E-005,0.00000E+000,-7.40049E-001,0.00000E+000,8,...........
260,261,-7.40446E-001,1.13202E-005,0.00000E+000,-7.39899E-001,0.00000E+000,8,...........
261,262,-7.40294E-001,1.14483E-005,0.00000E+000,-7.39749E-001,0.00000E+000,8,...........
262,263,-7.40092E-001,1.15757E-005,0.00000E+000,-7.39549E-001,0.00000E+000,8,...........
263,264,-7.39945E-001,1.16892E-005,0.00000E+000,-7.39399E-001,0.00000E+000,8,...........
264,265,-7.39803E-001,1.18091E-005,0.00000E+000,-7.39249E-001,0.00000E+000,8,...........
265,266,-7.39594E-001,1.19501E-005,0.00000E+000,-7.39049E-001,0.00000E+000,8,...........
266,267,-7.39436E-001,1.20630E-005,0.00000E+000,-7.38899E-001,0.00000E+000,8,...........
267,268,-7.39300E-001,1.21987E-005,0.00000E+000,-7.38749E-001,0.00000E+000,8,...........
268,269,-7.39099E-001,1.23271E-005,0.00000E+000,-7.38549E-001,0.00000E+000,8,...........
269,270,-7.38942E-001,1.24314E-005,0.00000E+000,-7.38399E-001,0.00000E+000,8,...........
270,271,-7.38796E-001,1.25586E-005,0.00000E+000,-7.38249E-001,0.00000E+000,8,...........
271,272,-7.38590E-001,1.27051E-005,0.00000E+000,-7.38049E-001,0.00000E+000,8,...........
272,273,-7.38437E-001,1.28300E-005,0.00000E+000,-7.37899E-001,0.00000E+000,8,...........
273,274,-7.38296E-001,1.29482E-005,0.00000E+000,-7.37749E-001,0.00000E+000,8,...........
274,275,-7.38098E-001,1.31148E-005,0.00000E+000,-7.37549E-001,0.00000E+000,8,...........
275,276,-7.37949E-001,1.32173E-005,0.00000E+000,-7.37399E-001,0.00000E+000,8,...........
276,277,-7.37802E-001,1.33391E-005,0.00000E+000,-7.37249E-001,0.00000E+000,8,...........
277,278,-7.37601E-001,1.35064E-005,0.00000E+000,-7.37049E-001,0.00000E+000,8,...........
278,279,-7.37450E-001,1.36321E-005,0.00000E+000,-7.36899E-001,0.00000E+000,8,...........
279,280,-7.37304E-001,1.37588E-005,0.00000E+000,-7.36749E-001,0.00000E+000,8,...........
280,281,-7.37104E-001,1.39439E-005,0.00000E+000,-7.36549E-001,0.00000E+000,8,...........
281,282,-7.36953E-001,1.40625E-005,0.00000E+000,-7.36399E-001,0.00000E+000,8,...........
282,283,-7.36803E-001,1.41620E-005,0.00000E+000,-7.36249E-001,0.00000E+000,8,...........
283,284,-7.36602E-001,1.43249E-005,0.00000E+000,-7.36049E-001,0.00000E+000,8,...........
284,285,-7.36456E-001,1.44673E-005,0.00000E+000,-7.35899E-001,0.00000E+000,8,...........
285,286,-7.36305E-001,1.45793E-005,0.00000E+000,-7.35749E-001,0.00000E+000,8,...........
286,287,-7.36100E-001,1.47458E-005,0.00000E+000,-7.35549E-001,0.00000E+000,8,...........
287,288,-7.35958E-001,1.48756E-005,0.00000E+000,-7.35399E-001,0.00000E+000,8,...........
288,289,-7.35749E-001,1.50398E-005,0.00000E+000,-7.35199E-001,0.00000E+000,8,...........
289,290,-7.35603E-001,1.51712E-005,0.00000E+000,-7.35049E-001,0.00000E+000,8,...........
290,291,-7.35453E-001,1.53023E-005,0.00000E+000,-7.34899E-001,0.00000E+000,8,...........
291,292,-7.35251E-001,1.54804E-005,0.00000E+000,-7.34699E-001,0.00000E+000,8,...........
292,293,-7.35103E-001,1.56189E-005,0.00000E+000,-7.34549E-001,0.00000E+000,8,...........
293,294,-7.34960E-001,1.57567E-005,0.00000E+000,-7.34399E-001,0.00000E+000,8,...........
294,295,-7.34756E-001,1.59067E-005,0.00000E+000,-7.34199E-001,0.00000E+000,8,...........
295,296,-7.34611E-001,1.60609E-005,0.00000E+000,-7.34049E-001,0.00000E+000,8,...........
296,297,-7.34455E-001,1.61835E-005,0.00000E+000,-7.33899E-001,0.00000E+000,8,...........
297,298,-7.34261E-001,1.63844E-005,0.00000E+000,-7.33699E-001,0.00000E+000,8,...........
298,299,-7.34114E-001,1.65028E-005,0.00000E+000,-7.33549E-001,0.00000E+000,8,...........
299,300,-7.33964E-001,1.66421E-005,0.00000E+000,-7.33399E-001,0.00000E+000,8,...........
300,301,-7.33762E-001,1.68249E-005,0.00000E+000,-7.33199E-001,0.00000E+000,8,...........
301,302,-7.33611E-001,1.69631E-005,0.00000E+000,-7.33049E-001,0.00000E+000,8,...........
302,303,-7.33465E-001,1.71266E-005,0.00000E+000,-7.32899E-001,0.00000E+000,8,...........
303,304,-7.33265E-001,1.73043E-005,0.00000E+000,-7.32699E-001,0.00000E+000,8,...........
304,305,-7.33113E-001,1.74498E-005,0.00000E+000,-7.32549E-001,0.00000E+000,8,...........
305,306,-7.32964E-001,1.75788E-005,0.00000E+000,-7.32399E-001,0.00000E+000,8,...........
306,307,-7.32755E-001,1.77790E-005,0.00000E+000,-7.32199E-001,0.00000E+000,8,...........
307,308,-7.32606E-001,1.79301E-005,0.00000E+000,-7.32049E-001,0.00000E+000,8,...........
308,309,-7.32459E-001,1.80487E-005,0.00000E+000,-7.31899E-001,0.00000E+000,8,...........
309,310,-7.32255E-001,1.82416E-005,0.00000E+000,-7.31699E-001,0.00000E+000,8,...........
310,311,-7.32105E-001,1.83990E-005,0.00000E+000,-7.31549E-001,0.00000E+000,8,...........
311,312,-7.31954E-001,1.85390E-005,0.00000E+000,-7.31399E-001,0.00000E+000,8,...........
312,313,-7.31756E-001,1.87536E-005,0.00000E+000,-7.31199E-001,0.00000E+000,8,...........
313,314,-7.31606E-001,1.88902E-005,0.00000E+000,-7.31049E-001,0.00000E+000,8,...........
314,315,-7.31459E-001,1.90381E-005,0.00000E+000,-7.30899E-001,0.00000E+000,8,...........
315,316,-7.31266E-001,1.92384E-005,0.00000E+000,-7.30699E-001,0.00000E+000,8,...........
316,317,-7.31116E-001,1.94043E-005,0.00000E+000,-7.30549E-001,0.00000E+000,8,...........
317,318,-7.30972E-001,1.95469E-005,0.00000E+000,-7.30399E-001,0.00000E+000,8,...........
318,319,-7.30770E-001,1.97567E-005,0.00000E+000,-7.30199E-001,0.00000E+000,8,...........
319,320,-7.30626E-001,1.99151E-005,0.00000E+000,-7.30049E-001,0.00000E+000,8,...........
320,321,-7.30465E-001,2.00755E-005,0.00000E+000,-7.29899E-001,0.00000E+000,8,...........
321,322,-7.30268E-001,2.02625E-005,0.00000E+000,-7.29699E-001,0.00000E+000,8,...........
322,323,-7.30116E-001,2.04118E-005,0.00000E+000,-7.29549E-001,0.00000E+000,8,...........
323,324,-7.29966E-001,2.05726E-005,0.00000E+000,-7.29399E-001,0.00000E+000,8,...........
324,325,-7.29741E-001,2.08009E-005,0.00000E+000,-7.29199E-001,0.00000E+000,8,...........
325,326,-7.29593E-001,2.09408E-005,0.00000E+000,-7.29049E-001,0.00000E+000,8,...........
326,327,-7.29438E-001,2.11083E-005,0.00000E+000,-7.28899E-001,0.00000E+000,8,...........
327,328,-7.29241E-001,2.13410E-005,0.00000E+000,-7.28700E-001,0.00000E+000,8,...........
328,329,-7.29102E-001,2.14851E-005,0.00000E+000,-7.28549E-001,0.00000E+000,8,...........
329,330,-7.28934E-001,2.16487E-005,0.00000E+000,-7.28400E-001,0.00000E+000,8,...........
330,331,-7.28750E-001,2.18815E-005,0.00000E+000,-7.28199E-001,0.00000E+000,8,...........
331,332,-7.28599E-001,2.20521E-005,0.00000E+000,-7.28050E-001,0.00000E+000,8,...........
332,333,-7.28446E-001,2.21902E-005,0.00000E+000,-7.27900E-001,0.00000E+000,8,...........
333,334,-7.28246E-001,2.24287E-005,0.00000E+000,-7.27700E-001,0.00000E+000,8,...........
334,335,-7.28099E-001,2.25928E-005,0.00000E+000,-7.27550E-001,0.00000E+000,8,...........
335,336,-7.27899E-001,2.28097E-005,0.00000E+000,-7.27350E-001,0.00000E+000,8,...........
336,337,-7.27749E-001,2.29701E-005,0.00000E+000,-7.27200E-001,0.00000E+000,8,...........
337,338,-7.27598E-001,2.31506E-005,0.00000E+000,-7.27050E-001,0.00000E+000,8,...........
338,339,-7.27396E-001,2.33899E-005,0.00000E+000,-7.26850E-001,0.00000E+000,8,...........
339,340,-7.27261E-001,2.35585E-005,0.00000E+000,-7.26700E-001,0.00000E+000,8,...........
340,341,-7.27108E-001,2.37395E-005,0.00000E+000,-7.26550E-001,0.00000E+000,8,...........
341,342,-7.26903E-001,2.39651E-005,0.00000E+000,-7.26350E-001,0.00000E+000,8,...........
342,343,-7.26753E-001,2.41682E-005,0.00000E+000,-7.26200E-001,0.00000E+000,8,...........
343,344,-7.26594E-001,2.43364E-005,0.00000E+000,-7.26050E-001,0.00000E+000,8,...........
344,345,-7.26395E-001,2.45659E-005,0.00000E+000,-7.25850E-001,0.00000E+000,8,...........
345,346,-7.26246E-001,2.47493E-005,0.00000E+000,-7.25700E-001,0.00000E+000,8,...........
346,347,-7.26104E-001,2.49337E-005,0.00000E+000,-7.25550E-001,0.00000E+000,8,...........
347,348,-7.25896E-001,2.51692E-005,0.00000E+000,-7.25350E-001,0.00000E+000,8,...........
348,349,-7.25744E-001,2.53424E-005,0.00000E+000,-7.25200E-001,0.00000E+000,8,...........
349,350,-7.25593E-001,2.55265E-005,0.00000E+000,-7.25050E-001,0.00000E+000,8,...........
350,351,-7.25417E-001,2.57844E-005,0.00000E+000,-7.24850E-001,0.00000E+000,8,...........
351,352,-7.25254E-001,2.59830E-005,0.00000E+000,-7.24700E-001,0.00000E+000,8,...........
352,353,-7.25103E-001,2.61493E-005,0.00000E+000,-7.24550E-001,0.00000E+000,8,...........
353,354,-7.24904E-001,2.64139E-005,0.00000E+000,-7.24350E-001,0.00000E+000,8,...........
354,355,-7.24755E-001,2.66007E-005,0.00000E+000,-7.24200E-001,0.00000E+000,8,...........
355,356,-7.24604E-001,2.67806E-005,0.00000E+000,-7.24050E-001,0.00000E+000,8,...........
356,357,-7.24405E-001,2.70352E-005,0.00000E+000,-7.23850E-001,0.00000E+000,8,...........
357,358,-7.24253E-001,2.72406E-005,0.00000E+000,-7.23700E-001,0.00000E+000,8,...........
358,359,-7.24103E-001,2.74223E-005,0.00000E+000,-7.23550E-001,0.00000E+000,8,...........
359,360,-7.23905E-001,2.77019E-005,0.00000E+000,-7.23350E-001,0.00000E+000,8,...........
360,361,-7.23759E-001,2.78790E-005,0.00000E+000,-7.23200E-001,0.00000E+000,8,...........
361,362,-7.23608E-001,2.81008E-005,0.00000E+000,-7.23050E-001,0.00000E+000,8,...........
362,363,-7.23403E-001,2.83420E-005,0.00000E+000,-7.22850E-001,0.00000E+000,8,...........
363,364,-7.23250E-001,2.85373E-005,0.00000E+000,-7.22700E-001,0.00000E+000,8,...........
364,365,-7.23112E-001,2.87643E-005,0.00000E+000,-7.22550E-001,0.00000E+000,8,...........
365,366,-7.22899E-001,2.90154E-005,0.00000E+000,-7.22350E-001,0.00000E+000,8,...........
366,367,-7.22754E-001,2.92328E-005,0.00000E+000,-7.22200E-001,0.00000E+000,8,...........
367,368,-7.22608E-001,2.94121E-005,0.00000E+000,-7.22050E-001,0.00000E+000,8,...........
368,369,-7.22407E-001,2.96733E-005,0.00000E+000,-7.21850E-001,0.00000E+000,8,...........
369,370,-7.22260E-001,2.98958E-005,0.00000E+000,-7.21700E-001,0.00000E+000,8,...........
370,371,-7.22120E-001,3.01094E-005,0.00000E+000,-7.21550E-001,0.00000E+000,8,...........
371,372,-7.21909E-001,3.03745E-005,0.00000E+000,-7.21350E-001,0.00000E+000,8,...........
372,373,-7.21759E-001,3.05879E-005,0.00000E+000,-7.21200E-001,0.00000E+000,8,...........
373,374,-7.21607E-001,3.08047E-005,0.00000E+000,-7.21050E-001,0.00000E+000,8,...........
374,375,-7.21415E-001,3.11030E-005,0.00000E+000,-7.20850E-001,0.00000E+000,8,...........
375,376,-7.21265E-001,3.12845E-005,0.00000E+000,-7.20700E-001,0.00000E+000,8,...........
376,377,-7.21110E-001,3.15238E-005,0.00000E+000,-7.20550E-001,0.00000E+000,8,...........
377,378,-7.20914E-001,3.17950E-005,0.00000E+000,-7.20350E-001,0.00000E+000,8,...........
378,379,-7.20767E-001,3.20145E-005,0.00000E+000,-7.20200E-001,0.00000E+000,8,...........
379,380,-7.20615E-001,3.22646E-005,0.00000E+000,-7.20050E-001,0.00000E+000,8,...........
380,381,-7.20416E-001,3.25396E-005,0.00000E+000,-7.19850E-001,0.00000E+000,8,...........
381,382,-7.20266E-001,3.27685E-005,0.00000E+000,-7.19700E-001,0.00000E+000,8,...........
382,383,-7.20106E-001,3.29606E-005,0.00000E+000,-7.19550E-001,0.00000E+000,8,...........
383,384,-7.19910E-001,3.32581E-005,0.00000E+000,-7.19350E-001,0.00000E+000,8,...........
384,385,-7.19764E-001,3.34856E-005,0.00000E+000,-7.19200E-001,0.00000E+000,8,...........
385,386,-7.19563E-001,3.38152E-005,0.00000E+000,-7.19000E-001,0.00000E+000,8,...........
386,387,-7.19408E-001,3.39968E-005,0.00000E+000,-7.18850E-001,0.00000E+000,8,...........
387,388,-7.19270E-001,3.42555E-005,0.00000E+000,-7.18700E-001,0.00000E+000,8,...........
388,389,-7.19065E-001,3.45422E-005,0.00000E+000,-7.18500E-001,0.00000E+000,8,...........
389,390,-7.18917E-001,3.47775E-005,0.00000E+000,-7.18350E-001,0.00000E+000,8,...........
390,391,-7.18763E-001,3.49941E-005,0.00000E+000,-7.18200E-001,0.00000E+000,8,...........
391,392,-7.18573E-001,3.53299E-005,0.00000E+000,-7.18000E-001,0.00000E+000,8,...........
392,393,-7.18418E-001,3.55693E-005,0.00000E+000,-7.17850E-001,0.00000E+000,8,...........
393,394,-7.18270E-001,3.58030E-005,0.00000E+000,-7.17700E-001,0.00000E+000,8,...........
394,395,-7.18068E-001,3.61104E-005,0.00000E+000,-7.17500E-001,0.00000E+000,8,...........
395,396,-7.17925E-001,3.63545E-005,0.00000E+000,-7.17350E-001,0.00000E+000,8,...........
396,397,-7.17766E-001,3.66071E-005,0.00000E+000,-7.17200E-001,0.00000E+000,8,...........
397,398,-7.17559E-001,3.69128E-005,0.00000E+000,-7.17000E-001,0.00000E+000,8,...........
398,399,-7.17410E-001,3.71587E-005,0.00000E+000,-7.16850E-001,0.00000E+000,8,...........
399,400,-7.17264E-001,3.73931E-005,0.00000E+000,-7.16700E-001,0.00000E+000,8,...........
400,401,-7.17044E-001,3.77131E-005,0.00000E+000,-7.16500E-001,0.00000E+000,8,...........
401,402,-7.16897E-001,3.79738E-005,0.00000E+000,-7.16350E-001,0.00000E+000,8,...........
402,403,-7.16746E-001,3.82216E-005,0.00000E+000,-7.16200E-001,0.00000E+000,8,...........
403,404,-7.16556E-001,3.85417E-005,0.00000E+000,-7.16000E-001,0.00000E+000,8,...........
404,405,-7.16398E-001,3.88005E-005,0.00000E+000,-7.15850E-001,0.00000E+000,8,...........
405,406,-7.16249E-001,3.90497E-005,0.00000E+000,-7.15700E-001,0.00000E+000,8,...........
406,407,-7.16048E-001,3.93726E-005,0.00000E+000,-7.15500E-001,0.00000E+000,8,...........
407,408,-7.15915E-001,3.96428E-005,0.00000E+000,-7.15350E-001,0.00000E+000,8,...........
408,409,-7.15759E-001,3.98845E-005,0.00000E+000,-7.15200E-001,0.00000E+000,8,...........
409,410,-7.15554E-001,4.02422E-005,0.00000E+000,-7.15000E-001,0.00000E+000,8,...........
410,411,-7.15406E-001,4.04956E-005,0.00000E+000,-7.14850E-001,0.00000E+000,8,...........
411,412,-7.15246E-001,4.07508E-005,0.00000E+000,-7.14700E-001,0.00000E+000,8,...........
412,413,-7.15054E-001,4.11040E-005,0.00000E+000,-7.14500E-001,0.00000E+000,8,...........
413,414,-7.14902E-001,4.13514E-005,0.00000E+000,-7.14350E-001,0.00000E+000,8,...........
414,415,-7.14752E-001,4.16437E-005,0.00000E+000,-7.14200E-001,0.00000E+000,8,...........
415,416,-7.14559E-001,4.19713E-005,0.00000E+000,-7.14000E-001,0.00000E+000,8,...........
416,417,-7.14405E-001,4.22750E-005,0.00000E+000,-7.13850E-001,0.00000E+000,8,...........
417,418,-7.14258E-001,4.25246E-005,0.00000E+000,-7.13700E-001,0.00000E+000,8,...........
418,419,-7.14055E-001,4.28678E-005,0.00000E+000,-7.13500E-001,0.00000E+000,8,...........
419,420,-7.13897E-001,4.31591E-005,0.00000E+000,-7.13350E-001,0.00000E+000,8,...........
420,421,-7.13748E-001,4.34124E-005,0.00000E+000,-7.13200E-001,0.00000E+000,8,...........
421,422,-7.13559E-001,4.37729E-005,0.00000E+000,-7.13001E-001,0.00000E+000,8,...........
422,423,-7.13397E-001,4.40451E-005,0.00000E+000,-7.12851E-001,0.00000E+000,8,...........
423,424,-7.13247E-001,4.43253E-005,0.00000E+000,-7.12700E-001,0.00000E+000,8,...........
424,425,-7.13048E-001,4.47135E-005,0.00000E+000,-7.12501E-001,0.00000E+000,8,...........
425,426,-7.12906E-001,4.49921E-005,0.00000E+000,-7.12351E-001,0.00000E+000,8,...........
426,427,-7.12763E-001,4.52643E-005,0.00000E+000,-7.12201E-001,0.00000E+000,8,...........
427,428,-7.12559E-001,4.56531E-005,0.00000E+000,-7.12001E-001,0.00000E+000,8,...........
428,429,-7.12407E-001,4.59043E-005,0.00000E+000,-7.11851E-001,0.00000E+000,8,...........
429,430,-7.12263E-001,4.62217E-005,0.00000E+000,-7.11701E-001,0.00000E+000,8,...........
430,431,-7.12057E-001,4.65798E-005,0.00000E+000,-7.11501E-001,0.00000E+000,8,...........
431,432,-7.11909E-001,4.68582E-005,0.00000E+000,-7.11351E-001,0.00000E+000,8,...........
432,433,-7.11709E-001,4.72408E-005,0.00000E+000,-7.11151E-001,0.00000E+000,8,...........
433,434,-7.11563E-001,4.75645E-005,0.00000E+000,-7.11001E-001,0.00000E+000,8,...........
434,435,-7.11412E-001,4.78390E-005,0.00000E+000,-7.10851E-001,0.00000E+000,8,...........
435,436,-7.11203E-001,4.82231E-005,0.00000E+000,-7.10651E-001,0.00000E+000,8,...........
436,437,-7.11062E-001,4.85337E-005,0.00000E+000,-7.10501E-001,0.00000E+000,8,...........
437,438,-7.10915E-001,4.88131E-005,0.00000E+000,-7.10351E-001,0.00000E+000,8,...........
438,439,-7.10713E-001,4.92181E-005,0.00000E+000,-7.10151E-001,0.00000E+000,8,...........
439,440,-7.10565E-001,4.95154E-005,0.00000E+000,-7.10001E-001,0.00000E+000,8,...........
440,441,-7.10409E-001,4.98254E-005,0.00000E+000,-7.09851E-001,0.00000E+000,8,...........
441,442,-7.10214E-001,5.02220E-005,0.00000E+000,-7.09651E-001,0.00000E+000,8,...........
442,443,-7.10061E-001,5.05464E-005,0.00000E+000,-7.09501E-001,0.00000E+000,8,...........
443,444,-7.09912E-001,5.08425E-005,0.00000E+000,-7.09351E-001,0.00000E+000,8,...........
444,445,-7.09718E-001,5.12426E-005,0.00000E+000,-7.09151E-001,0.00000E+000,8,...........
445,446,-7.09565E-001,5.15661E-005,0.00000E+000,-7.09001E-001,0.00000E+000,8,...........
446,447,-7.09412E-001,5.18515E-005,0.00000E+000,-7.08851E-001,0.00000E+000,8,...........
447,448,-7.09215E-001,5.22995E-005,0.00000E+000,-7.08651E-001,0.00000E+000,8,...........
448,449,-7.09072E-001,5.25835E-005,0.00000E+000,-7.08501E-001,0.00000E+000,8,...........
449,450,-7.08917E-001,5.29079E-005,0.00000E+000,-7.08351E-001,0.00000E+000,8,...........
450,451,-7.08716E-001,5.33456E-005,0.00000E+000,-7.08151E-001,0.00000E+000,8,...........
451,452,-7.08565E-001,5.36457E-005,0.00000E+000,-7.08001E-001,0.00000E+000,8,...........
452,453,-7.08417E-001,5.39458E-005,0.00000E+000,-7.07851E-001,0.00000E+000,8,...........
453,454,-7.08230E-001,5.43746E-005,0.00000E+000,-7.07651E-001,0.00000E+000,8,...........
454,455,-7.08076E-001,5.47030E-005,0.00000E+000,-7.07501E-001,0.00000E+000,8,...........
455,456,-7.07920E-001,5.50115E-005,0.00000E+000,-7.07351E-001,0.00000E+000,8,...........
456,457,-7.07728E-001,5.54533E-005,0.00000E+000,-7.07151E-001,0.00000E+000,8,...........
457,458,-7.07574E-001,5.57680E-005,0.00000E+000,-7.07001E-001,0.00000E+000,8,...........
458,459,-7.07428E-001,5.60928E-005,0.00000E+000,-7.06851E-001,0.00000E+000,8,...........
459,460,-7.07209E-001,5.65290E-005,0.00000E+000,-7.06651E-001,0.00000E+000,8,...........
460,461,-7.07069E-001,5.68845E-005,0.00000E+000,-7.06501E-001,0.00000E+000,8,...........
461,462,-7.06925E-001,5.71927E-005,0.00000E+000,-7.06351E-001,0.00000E+000,8,...........
462,463,-7.06717E-001,5.76592E-005,0.00000E+000,-7.06151E-001,0.00000E+000,8,...........
463,464,-7.06566E-001,5.79929E-005,0.00000E+000,-7.06001E-001,0.00000E+000,8,...........
464,465,-7.06409E-001,5.83469E-005,0.00000E+000,-7.05851E-001,0.00000E+000,8,...........
465,466,-7.06221E-001,5.87548E-005,0.00000E+000,-7.05651E-001,0.00000E+000,8,...........
466,467,-7.06073E-001,5.91046E-005,0.00000E+000,-7.05501E-001,0.00000E+000,8,...........
467,468,-7.05920E-001,5.94486E-005,0.00000E+000,-7.05351E-001,0.00000E+000,8,...........
468,469,-7.05726E-001,5.98959E-005,0.00000E+000,-7.05151E-001,0.00000E+000,8,...........
469,470,-7.05576E-001,6.02805E-005,0.00000E+000,-7.05001E-001,0.00000E+000,8,...........
470,471,-7.05423E-001,6.06153E-005,0.00000E+000,-7.04851E-001,0.00000E+000,8,...........
471,472,-7.05226E-001,6.10513E-005,0.00000E+000,-7.04651E-001,0.00000E+000,8,...........
472,473,-7.05083E-001,6.14200E-005,0.00000E+000,-7.04501E-001,0.00000E+000,8,...........
473,474,-7.04934E-001,6.17603E-005,0.00000E+000,-7.04351E-001,0.00000E+000,8,...........
474,475,-7.04733E-001,6.22085E-005,0.00000E+000,-7.04151E-001,0.00000E+000,8,...........
475,476,-7.04583E-001,6.25977E-005,0.00000E+000,-7.04001E-001,0.00000E+000,8,...........
476,477,-7.04438E-001,6.29256E-005,0.00000E+000,-7.03851E-001,0.00000E+000,8,...........
477,478,-7.04218E-001,6.33852E-005,0.00000E+000,-7.03651E-001,0.00000E+000,8,...........
478,479,-7.04048E-001,6.37794E-005,0.00000E+000,-7.03501E-001,0.00000E+000,8,...........
479,480,-7.03911E-001,6.41349E-005,0.00000E+000,-7.03351E-001,0.00000E+000,8,...........
480,481,-7.03707E-001,6.46017E-005,0.00000E+000,-7.03151E-001,0.00000E+000,8,...........
481,482,-7.03557E-001,6.49550E-005,0.00000E+000,-7.03001E-001,0.00000E+000,8,...........
482,483,-7.03368E-001,6.54530E-005,0.00000E+000,-7.02801E-001,0.00000E+000,8,...........
483,484,-7.03205E-001,6.58204E-005,0.00000E+000,-7.02651E-001,0.00000E+000,8,...........
484,485,-7.03062E-001,6.61994E-005,0.00000E+000,-7.02501E-001,0.00000E+000,8,...........
485,486,-7.02863E-001,6.66936E-005,0.00000E+000,-7.02301E-001,0.00000E+000,8,...........
486,487,-7.02709E-001,6.70400E-005,0.00000E+000,-7.02151E-001,0.00000E+000,8,...........
487,488,-7.02559E-001,6.74187E-005,0.00000E+000,-7.02001E-001,0.00000E+000,8,...........
488,489,-7.02363E-001,6.79416E-005,0.00000E+000,-7.01801E-001,0.00000E+000,8,...........
489,490,-7.02218E-001,6.83101E-005,0.00000E+000,-7.01651E-001,0.00000E+000,8,...........
490,491,-7.02060E-001,6.86831E-005,0.00000E+000,-7.01501E-001,0.00000E+000,8,...........
491,492,-7.01865E-001,6.92191E-005,0.00000E+000,-7.01301E-001,0.00000E+000,8,...........
492,493,-7.01717E-001,6.95743E-005,0.00000E+000,-7.01151E-001,0.00000E+000,8,...........
493,494,-7.01564E-001,6.99766E-005,0.00000E+000,-7.01001E-001,0.00000E+000,8,...........
494,495,-7.01368E-001,7.04622E-005,0.00000E+000,-7.00801E-001,0.00000E+000,8,...........
495,496,-7.01213E-001,7.08708E-005,0.00000E+000,-7.00651E-001,0.00000E+000,8,...........
496,497,-7.01064E-001,7.12735E-005,0.00000E+000,-7.00501E-001,0.00000E+000,8,...........
497,498,-7.00861E-001,7.17359E-005,0.00000E+000,-7.00301E-001,0.00000E+000,8,...........
498,499,-7.00705E-001,7.21596E-005,0.00000E+000,-7.00151E-001,0.00000E+000,8,...........
499,500,-7.00562E-001,7.25440E-005,0.00000E+000,-7.00001E-001,0.00000E+000,8,...........
500,501,-7.00365E-001,7.31028E-005,0.00000E+000,-6.99801E-001,0.00000E+000,8,...........
501,502,-7.00207E-001,7.34644E-005,0.00000E+000,-6.99651E-001,0.00000E+000,8,...........
502,503,-7.00061E-001,7.39048E-005,0.00000E+000,-6.99501E-001,0.00000E+000,8,...........
503,504,-6.99864E-001,7.43994E-005,0.00000E+000,-6.99301E-001,0.00000E+000,8,...........
504,505,-6.99722E-001,7.48117E-005,0.00000E+000,-6.99151E-001,0.00000E+000,8,...........
505,506,-6.99571E-001,7.52394E-005,0.00000E+000,-6.99001E-001,0.00000E+000,8,...........
506,507,-6.99369E-001,7.57454E-005,0.00000E+000,-6.98801E-001,0.00000E+000,8,...........
507,508,-6.99230E-001,7.61612E-005,0.00000E+000,-6.98651E-001,0.00000E+000,8,...........
508,509,-6.99072E-001,7.65690E-005,0.00000E+000,-6.98501E-001,0.00000E+000,8,...........
509,510,-6.98875E-001,7.71283E-005,0.00000E+000,-6.98301E-001,0.00000E+000,8,...........
510,511,-6.98717E-001,7.75588E-005,0.00000E+000,-6.98151E-001,0.00000E+000,8,...........
511,512,-6.98565E-001,7.79447E-005,0.00000E+000,-6.98001E-001,0.00000E+000,8,...........
512,513,-6.98363E-001,7.84878E-005,0.00000E+000,-6.97801E-001,0.00000E+000,8,...........
513,514,-6.98217E-001,7.89376E-005,0.00000E+000,-6.97652E-001,0.00000E+000,8,...........
514,515,-6.98071E-001,7.93328E-005,0.00000E+000,-6.97501E-001,0.00000E+000,8,...........
515,516,-6.97870E-001,7.99288E-005,0.00000E+000,-6.97302E-001,0.00000E+000,8,...........
516,517,-6.97718E-001,8.03284E-005,0.00000E+000,-6.97152E-001,0.00000E+000,8,...........
517,518,-6.97564E-001,8.07760E-005,0.00000E+000,-6.97002E-001,0.00000E+000,8,...........
518,519,-6.97362E-001,8.12941E-005,0.00000E+000,-6.96802E-001,0.00000E+000,8,...........
519,520,-6.97216E-001,8.17517E-005,0.00000E+000,-6.96652E-001,0.00000E+000,8,...........
520,521,-6.97068E-001,8.21809E-005,0.00000E+000,-6.96502E-001,0.00000E+000,8,...........
521,522,-6.96872E-001,8.27574E-005,0.00000E+000,-6.96302E-001,0.00000E+000,8,...........
522,523,-6.96719E-001,8.31969E-005,0.00000E+000,-6.96152E-001,0.00000E+000,8,...........
523,524,-6.96569E-001,8.36033E-005,0.00000E+000,-6.96002E-001,0.00000E+000,8,...........
524,525,-6.96371E-001,8.41890E-005,0.00000E+000,-6.95802E-001,0.00000E+000,8,...........
525,526,-6.96224E-001,8.46262E-005,0.00000E+000,-6.95652E-001,0.00000E+000,8,...........
526,527,-6.96070E-001,8.51060E-005,0.00000E+000,-6.95502E-001,0.00000E+000,8,...........
527,528,-6.95875E-001,8.57102E-005,0.00000E+000,-6.95302E-001,0.00000E+000,8,...........
528,529,-6.95736E-001,8.60997E-005,0.00000E+000,-6.95152E-001,0.00000E+000,8,...........
529,530,-6.95529E-001,8.67322E-005,0.00000E+000,-6.94952E-001,0.00000E+000,8,...........
530,531,-6.95376E-001,8.71612E-005,0.00000E+000,-6.94802E-001,0.00000E+000,8,...........
531,532,-6.95223E-001,8.76165E-005,0.00000E+000,-6.94652E-001,0.00000E+000,8,...........
532,533,-6.95035E-001,8.82131E-005,0.00000E+000,-6.94452E-001,0.00000E+000,8,...........
533,534,-6.94870E-001,8.86532E-005,0.00000E+000,-6.94302E-001,0.00000E+000,8,...........
534,535,-6.94727E-001,8.91358E-005,0.00000E+000,-6.94152E-001,0.00000E+000,8,...........
535,536,-6.94505E-001,8.95196E-005,0.00000E+000,-6.93952E-001,0.00000E+000,9,...........
536,537,-6.94359E-001,8.99416E-005,0.00000E+000,-6.93802E-001,0.00000E+000,9,...........
537,538,-6.94214E-001,9.04173E-005,0.00000E+000,-6.93652E-001,0.00000E+000,9,...........
538,539,-6.94019E-001,9.10316E-005,0.00000E+000,-6.93452E-001,0.00000E+000,9,...........
539,540,-6.93866E-001,9.15147E-005,0.00000E+000,-6.93302E-001,0.00000E+000,9,...........
540,541,-6.93709E-001,9.19365E-005,0.00000E+000,-6.93152E-001,0.00000E+000,9,...........
541,542,-6.93513E-001,9.25673E-005,0.00000E+000,-6.92952E-001,0.00000E+000,9,...........
542,543,-6.93366E-001,9.30107E-005,0.00000E+000,-6.92802E-001,0.00000E+000,9,...........
543,544,-6.93227E-001,9.35067E-005,0.00000E+000,-6.92652E-001,0.00000E+000,9,...........
544,545,-6.93022E-001,9.41501E-005,0.00000E+000,-6.92452E-001,0.00000E+000,9,...........
545,546,-6.92870E-001,9.46332E-005,0.00000E+000,-6.92302E-001,0.00000E+000,9,...........
546,547,-6.92723E-001,9.50910E-005,0.00000E+000,-6.92152E-001,0.00000E+000,9,...........
547,548,-6.92522E-001,9.57278E-005,0.00000E+000,-6.91952E-001,0.00000E+000,9,...........
548,549,-6.92370E-001,9.62234E-005,0.00000E+000,-6.91802E-001,0.00000E+000,9,...........
549,550,-6.92230E-001,9.67017E-005,0.00000E+000,-6.91652E-001,0.00000E+000,9,...........
550,551,-6.92018E-001,9.73386E-005,0.00000E+000,-6.91452E-001,0.00000E+000,9,...........
551,552,-6.91863E-001,9.78489E-005,0.00000E+000,-6.91302E-001,0.00000E+000,9,...........
552,553,-6.91729E-001,9.83189E-005,0.00000E+000,-6.91152E-001,0.00000E+000,9,...........
553,554,-6.91510E-001,9.89897E-005,0.00000E+000,-6.90952E-001,0.00000E+000,9,...........
554,555,-6.91351E-001,9.94739E-005,0.00000E+000,-6.90802E-001,0.00000E+000,9,...........
555,556,-6.91189E-001,9.99801E-005,0.00000E+000,-6.90652E-001,0.00000E+000,9,...........
556,557,-6.90995E-001,1.00654E-004,0.00000E+000,-6.90452E-001,0.00000E+000,9,...........
557,558,-6.90841E-001,1.01136E-004,0.00000E+000,-6.90302E-001,0.00000E+000,9,...........
558,559,-6.90689E-001,1.01656E-004,0.00000E+000,-6.90152E-001,0.00000E+000,9,...........
559,560,-6.90500E-001,1.02283E-004,0.00000E+000,-6.89952E-001,0.00000E+000,9,...........
560,561,-6.90350E-001,1.02809E-004,0.00000E+000,-6.89802E-001,0.00000E+000,9,...........
561,562,-6.90195E-001,1.03289E-004,0.00000E+000,-6.89652E-001,0.00000E+000,9,...........
562,563,-6.90004E-001,1.04018E-004,0.00000E+000,-6.89452E-001,0.00000E+000,9,...........
563,564,-6.89848E-001,1.04520E-004,0.00000E+000,-6.89302E-001,0.00000E+000,9,...........
564,565,-6.89704E-001,1.05025E-004,0.00000E+000,-6.89152E-001,0.00000E+000,9,...........
565,566,-6.89495E-001,1.05708E-004,0.00000E+000,-6.88952E-001,0.00000E+000,9,...........
566,567,-6.89351E-001,1.06225E-004,0.00000E+000,-6.88802E-001,0.00000E+000,9,...........
567,568,-6.89209E-001,1.06740E-004,0.00000E+000,-6.88652E-001,0.00000E+000,9,...........
568,569,-6.88998E-001,1.07441E-004,0.00000E+000,-6.88452E-001,0.00000E+000,9,...........
569,570,-6.88849E-001,1.07955E-004,0.00000E+000,-6.88302E-001,0.00000E+000,9,...........
570,571,-6.88705E-001,1.08475E-004,0.00000E+000,-6.88152E-001,0.00000E+000,9,...........
571,572,-6.88502E-001,1.09165E-004,0.00000E+000,-6.87952E-001,0.00000E+000,9,...........
572,573,-6.88350E-001,1.09730E-004,0.00000E+000,-6.87802E-001,0.00000E+000,9,...........
573,574,-6.88196E-001,1.10235E-004,0.00000E+000,-6.87652E-001,0.00000E+000,9,...........
574,575,-6.87986E-001,1.10927E-004,0.00000E+000,-6.87452E-001,0.00000E+000,9,...........
575,576,-6.87853E-001,1.11467E-004,0.00000E+000,-6.87302E-001,0.00000E+000,9,...........
576,577,-6.87694E-001,1.12032E-004,0.00000E+000,-6.87152E-001,0.00000E+000,9,...........
577,578,-6.87491E-001,1.12747E-004,0.00000E+000,-6.86952E-001,0.00000E+000,9,...........
578,579,-6.87362E-001,1.13306E-004,0.00000E+000,-6.86802E-001,0.00000E+000,9,...........
579,580,-6.87161E-001,1.13956E-004,0.00000E+000,-6.86602E-001,0.00000E+000,9,...........
580,581,-6.87016E-001,1.14541E-004,0.00000E+000,-6.86452E-001,0.00000E+000,9,...........
581,582,-6.86860E-001,1.15073E-004,0.00000E+000,-6.86302E-001,0.00000E+000,9,...........
582,583,-6.86661E-001,1.15793E-004,0.00000E+000,-6.86102E-001,0.00000E+000,9,...........
583,584,-6.86499E-001,1.16332E-004,0.00000E+000,-6.85952E-001,0.00000E+000,9,...........
584,585,-6.86353E-001,1.16917E-004,0.00000E+000,-6.85802E-001,0.00000E+000,9,...........
585,586,-6.86156E-001,1.17669E-004,0.00000E+000,-6.85602E-001,0.00000E+000,9,...........
586,587,-6.86000E-001,1.18154E-004,0.00000E+000,-6.85452E-001,0.00000E+000,9,...........
587,588,-6.85859E-001,1.18705E-004,0.00000E+000,-6.85302E-001,0.00000E+000,9,...........
588,589,-6.85668E-001,1.19438E-004,0.00000E+000,-6.85102E-001,0.00000E+000,9,...........
589,590,-6.85520E-001,1.20047E-004,0.00000E+000,-6.84952E-001,0.00000E+000,9,...........
590,591,-6.85367E-001,1.20540E-004,0.00000E+000,-6.84802E-001,0.00000E+000,9,...........
591,592,-6.85169E-001,1.21307E-004,0.00000E+000,-6.84602E-001,0.00000E+000,9,...........
592,593,-6.85011E-001,1.21868E-004,0.00000E+000,-6.84452E-001,0.00000E+000,9,...........
593,594,-6.84847E-001,1.22422E-004,0.00000E+000,-6.84302E-001,0.00000E+000,9,...........
594,595,-6.84649E-001,1.23173E-004,0.00000E+000,-6.84102E-001,0.00000E+000,9,...........
595,596,-6.84504E-001,1.23745E-004,0.00000E+000,-6.83952E-001,0.00000E+000,9,...........
596,597,-6.84353E-001,1.24313E-004,0.00000E+000,-6.83802E-001,0.00000E+000,9,...........
597,598,-6.84163E-001,1.25084E-004,0.00000E+000,-6.83602E-001,0.00000E+000,9,...........
598,599,-6.84000E-001,1.25665E-004,0.00000E+000,-6.83452E-001,0.00000E+000,9,...........
599,600,-6.83848E-001,1.26227E-004,0.00000E+000,-6.83302E-001,0.00000E+000,9,...........
600,601,-6.83654E-001,1.27015E-004,0.00000E+000,-6.83102E-001,0.00000E+000,9,...........
601,602,-6.83506E-001,1.27573E-004,0.00000E+000,-6.82952E-001,0.00000E+000,9,...........
602,603,-6.83356E-001,1.28119E-004,0.00000E+000,-6.82802E-001,0.00000E+000,9,...........
603,604,-6.83154E-001,1.28934E-004,0.00000E+000,-6.82602E-001,0.00000E+000,9,...........
604,605,-6.83006E-001,1.29531E-004,0.00000E+000,-6.82452E-001,0.00000E+000,9,...........
605,606,-6.82860E-001,1.30089E-004,0.00000E+000,-6.82302E-001,0.00000E+000,9,...........
606,607,-6.82665E-001,1.30911E-004,0.00000E+000,-6.82102E-001,0.00000E+000,9,...........
607,608,-6.82510E-001,1.31453E-004,0.00000E+000,-6.81952E-001,0.00000E+000,9,...........
608,609,-6.82364E-001,1.32038E-004,0.00000E+000,-6.81803E-001,0.00000E+000,9,...........
609,610,-6.82160E-001,1.32884E-004,0.00000E+000,-6.81602E-001,0.00000E+000,9,...........
610,611,-6.82012E-001,1.33467E-004,0.00000E+000,-6.81453E-001,0.00000E+000,9,...........
611,612,-6.81864E-001,1.34029E-004,0.00000E+000,-6.81303E-001,0.00000E+000,9,...........
612,613,-6.81661E-001,1.34865E-004,0.00000E+000,-6.81103E-001,0.00000E+000,9,...........
613,614,-6.81511E-001,1.35421E-004,0.00000E+000,-6.80953E-001,0.00000E+000,9,...........
614,615,-6.81354E-001,1.36064E-004,0.00000E+000,-6.80803E-001,0.00000E+000,9,...........
615,616,-6.81156E-001,1.36839E-004,0.00000E+000,-6.80603E-001,0.00000E+000,9,...........
616,617,-6.81013E-001,1.37446E-004,0.00000E+000,-6.80453E-001,0.00000E+000,9,...........
617,618,-6.80860E-001,1.38084E-004,0.00000E+000,-6.80303E-001,0.00000E+000,9,...........
618,619,-6.80661E-001,1.38948E-004,0.00000E+000,-6.80103E-001,0.00000E+000,9,...........
619,620,-6.80518E-001,1.39543E-004,0.00000E+000,-6.79953E-001,0.00000E+000,9,...........
620,621,-6.80366E-001,1.40121E-004,0.00000E+000,-6.79803E-001,0.00000E+000,9,...........
621,622,-6.80166E-001,1.40948E-004,0.00000E+000,-6.79603E-001,0.00000E+000,9,...........
622,623,-6.80014E-001,1.41605E-004,0.00000E+000,-6.79453E-001,0.00000E+000,9,...........
623,624,-6.79864E-001,1.42188E-004,0.00000E+000,-6.79303E-001,0.00000E+000,9,...........
624,625,-6.79670E-001,1.43067E-004,0.00000E+000,-6.79103E-001,0.00000E+000,9,...........
625,626,-6.79511E-001,1.43658E-004,0.00000E+000,-6.78953E-001,0.00000E+000,9,...........
626,627,-6.79321E-001,1.44502E-004,0.00000E+000,-6.78753E-001,0.00000E+000,9,...........
627,628,-6.79167E-001,1.45149E-004,0.00000E+000,-6.78603E-001,0.00000E+000,9,...........
628,629,-6.79025E-001,1.45707E-004,0.00000E+000,-6.78453E-001,0.00000E+000,9,...........
629,630,-6.78829E-001,1.46630E-004,0.00000E+000,-6.78253E-001,0.00000E+000,9,...........
630,631,-6.78684E-001,1.47308E-004,0.00000E+000,-6.78103E-001,0.00000E+000,9,...........
631,632,-6.78507E-001,1.47839E-004,0.00000E+000,-6.77953E-001,0.00000E+000,9,...........
632,633,-6.78313E-001,1.48757E-004,0.00000E+000,-6.77753E-001,0.00000E+000,9,...........
633,634,-6.78162E-001,1.49347E-004,0.00000E+000,-6.77603E-001,0.00000E+000,9,...........
634,635,-6.78013E-001,1.50007E-004,0.00000E+000,-6.77453E-001,0.00000E+000,9,...........
635,636,-6.77816E-001,1.50903E-004,0.00000E+000,-6.77253E-001,0.00000E+000,9,...........
636,637,-6.77668E-001,1.51551E-004,0.00000E+000,-6.77103E-001,0.00000E+000,9,...........
637,638,-6.77510E-001,1.52216E-004,0.00000E+000,-6.76953E-001,0.00000E+000,9,...........
638,639,-6.77314E-001,1.53120E-004,0.00000E+000,-6.76753E-001,0.00000E+000,9,...........
639,640,-6.77162E-001,1.53706E-004,0.00000E+000,-6.76603E-001,0.00000E+000,9,...........
640,641,-6.77016E-001,1.54366E-004,0.00000E+000,-6.76453E-001,0.00000E+000,9,...........
641,642,-6.76818E-001,1.55257E-004,0.00000E+000,-6.76253E-001,0.00000E+000,9,...........
642,643,-6.76670E-001,1.55922E-004,0.00000E+000,-6.76103E-001,0.00000E+000,9,...........
643,644,-6.76525E-001,1.56583E-004,0.00000E+000,-6.75953E-001,0.00000E+000,9,...........
644,645,-6.76321E-001,1.57484E-004,0.00000E+000,-6.75753E-001,0.00000E+000,9,...........
645,646,-6.76169E-001,1.58093E-004,0.00000E+000,-6.75603E-001,0.00000E+000,9,...........
646,647,-6.76027E-001,1.58843E-004,0.00000E+000,-6.75453E-001,0.00000E+000,9,...........
647,648,-6.75828E-001,1.59701E-004,0.00000E+000,-6.75253E-001,0.00000E+000,9,...........
648,649,-6.75683E-001,1.60398E-004,0.00000E+000,-6.75103E-001,0.00000E+000,9,...........
649,650,-6.75532E-001,1.61031E-004,0.00000E+000,-6.74953E-001,0.00000E+000,9,...........
650,651,-6.75322E-001,1.61944E-004,0.00000E+000,-6.74753E-001,0.00000E+000,9,...........
651,652,-6.75170E-001,1.62712E-004,0.00000E+000,-6.74603E-001,0.00000E+000,9,...........
652,653,-6.75031E-001,1.63312E-004,0.00000E+000,-6.74453E-001,0.00000E+000,9,...........
653,654,-6.74820E-001,1.64272E-004,0.00000E+000,-6.74253E-001,0.00000E+000,9,...........
654,655,-6.74669E-001,1.64992E-004,0.00000E+000,-6.74103E-001,0.00000E+000,9,...........
655,656,-6.74519E-001,1.65628E-004,0.00000E+000,-6.73953E-001,0.00000E+000,9,...........
656,657,-6.74325E-001,1.66650E-004,0.00000E+000,-6.73753E-001,0.00000E+000,9,...........
657,658,-6.74181E-001,1.67333E-004,0.00000E+000,-6.73603E-001,0.00000E+000,9,...........
658,659,-6.74025E-001,1.67964E-004,0.00000E+000,-6.73453E-001,0.00000E+000,9,...........
659,660,-6.73827E-001,1.68894E-004,0.00000E+000,-6.73253E-001,0.00000E+000,9,...........
660,661,-6.73677E-001,1.69602E-004,0.00000E+000,-6.73103E-001,0.00000E+000,9,...........
661,662,-6.73528E-001,1.70335E-004,0.00000E+000,-6.72953E-001,0.00000E+000,9,...........
662,663,-6.73331E-001,1.71330E-004,0.00000E+000,-6.72753E-001,0.00000E+000,9,...........
663,664,-6.73181E-001,1.72040E-004,0.00000E+000,-6.72603E-001,0.00000E+000,9,...........
664,665,-6.73032E-001,1.72743E-004,0.00000E+000,-6.72453E-001,0.00000E+000,9,...........
665,666,-6.72818E-001,1.73709E-004,0.00000E+000,-6.72253E-001,0.00000E+000,9,...........
666,667,-6.72674E-001,1.74560E-004,0.00000E+000,-6.72103E-001,0.00000E+000,9,...........
667,668,-6.72527E-001,1.75140E-004,0.00000E+000,-6.71953E-001,0.00000E+000,9,...........
668,669,-6.72327E-001,1.76165E-004,0.00000E+000,-6.71753E-001,0.00000E+000,9,...........
669,670,-6.72161E-001,1.76876E-004,0.00000E+000,-6.71603E-001,0.00000E+000,9,...........
670,671,-6.72013E-001,1.77611E-004,0.00000E+000,-6.71453E-001,0.00000E+000,9,...........
671,672,-6.71810E-001,1.78613E-004,0.00000E+000,-6.71253E-001,0.00000E+000,9,...........
672,673,-6.71668E-001,1.79339E-004,0.00000E+000,-6.71103E-001,0.00000E+000,9,...........
673,674,-6.71517E-001,1.80042E-004,0.00000E+000,-6.70953E-001,0.00000E+000,9,...........
674,675,-6.71315E-001,1.81117E-004,0.00000E+000,-6.70753E-001,0.00000E+000,9,...........
675,676,-6.71162E-001,1.81830E-004,0.00000E+000,-6.70603E-001,0.00000E+000,9,...........
676,677,-6.70961E-001,1.82862E-004,0.00000E+000,-6.70403E-001,0.00000E+000,9,...........
677,678,-6.70812E-001,1.83611E-004,0.00000E+000,-6.70253E-001,0.00000E+000,9,...........
678,679,-6.70663E-001,1.84412E-004,0.00000E+000,-6.70103E-001,0.00000E+000,9,...........
679,680,-6.70467E-001,1.85395E-004,0.00000E+000,-6.69903E-001,0.00000E+000,9,...........
680,681,-6.70318E-001,1.86151E-004,0.00000E+000,-6.69753E-001,0.00000E+000,9,...........
681,682,-6.70167E-001,1.86951E-004,0.00000E+000,-6.69603E-001,0.00000E+000,9,...........
682,683,-6.69968E-001,1.87959E-004,0.00000E+000,-6.69403E-001,0.00000E+000,9,...........
683,684,-6.69826E-001,1.88718E-004,0.00000E+000,-6.69253E-001,0.00000E+000,9,...........
684,685,-6.69665E-001,1.89467E-004,0.00000E+000,-6.69103E-001,0.00000E+000,9,...........
685,686,-6.69464E-001,1.90587E-004,0.00000E+000,-6.68903E-001,0.00000E+000,9,...........
686,687,-6.69320E-001,1.91377E-004,0.00000E+000,-6.68753E-001,0.00000E+000,9,...........
687,688,-6.69176E-001,1.92059E-004,0.00000E+000,-6.68603E-001,0.00000E+000,9,...........
688,689,-6.68968E-001,1.93222E-004,0.00000E+000,-6.68403E-001,0.00000E+000,9,...........
689,690,-6.68814E-001,1.93990E-004,0.00000E+000,-6.68253E-001,0.00000E+000,9,...........
690,691,-6.68662E-001,1.94788E-004,0.00000E+000,-6.68103E-001,0.00000E+000,9,...........
691,692,-6.68464E-001,1.95840E-004,0.00000E+000,-6.67903E-001,0.00000E+000,9,...........
692,693,-6.68322E-001,1.96720E-004,0.00000E+000,-6.67753E-001,0.00000E+000,9,...........
693,694,-6.68185E-001,1.97367E-004,0.00000E+000,-6.67603E-001,0.00000E+000,9,...........
694,695,-6.67975E-001,1.98513E-004,0.00000E+000,-6.67403E-001,0.00000E+000,9,...........
695,696,-6.67833E-001,1.99313E-004,0.00000E+000,-6.67253E-001,0.00000E+000,9,...........
696,697,-6.67684E-001,2.00140E-004,0.00000E+000,-6.67103E-001,0.00000E+000,9,...........
697,698,-6.67480E-001,2.01233E-004,0.00000E+000,-6.66903E-001,0.00000E+000,9,...........
698,699,-6.67325E-001,2.02062E-004,0.00000E+000,-6.66753E-001,0.00000E+000,9,...........
699,700,-6.67162E-001,2.02911E-004,0.00000E+000,-6.66603E-001,0.00000E+000,9,...........
700,701,-6.66973E-001,2.04024E-004,0.00000E+000,-6.66403E-001,0.00000E+000,9,...........
701,702,-6.66832E-001,2.04800E-004,0.00000E+000,-6.66253E-001,0.00000E+000,9,...........
702,703,-6.66676E-001,2.05614E-004,0.00000E+000,-6.66103E-001,0.00000E+000,9,...........
703,704,-6.66487E-001,2.06791E-004,0.00000E+000,-6.65903E-001,0.00000E+000,9,...........
704,705,-6.66336E-001,2.07695E-004,0.00000E+000,-6.65753E-001,0.00000E+000,9,...........
705,706,-6.66187E-001,2.08479E-004,0.00000E+000,-6.65604E-001,0.00000E+000,9,...........
706,707,-6.65989E-001,2.09623E-004,0.00000E+000,-6.65403E-001,0.00000E+000,9,...........
707,708,-6.65841E-001,2.10511E-004,0.00000E+000,-6.65254E-001,0.00000E+000,9,...........
708,709,-6.65663E-001,2.11320E-004,0.00000E+000,-6.65104E-001,0.00000E+000,9,...........
709,710,-6.65456E-001,2.12493E-004,0.00000E+000,-6.64904E-001,0.00000E+000,9,...........
710,711,-6.65311E-001,2.13332E-004,0.00000E+000,-6.64754E-001,0.00000E+000,9,...........
711,712,-6.65159E-001,2.14182E-004,0.00000E+000,-6.64604E-001,0.00000E+000,9,...........
712,713,-6.64978E-001,2.15413E-004,0.00000E+000,-6.64404E-001,0.00000E+000,9,...........
713,714,-6.64829E-001,2.16267E-004,0.00000E+000,-6.64254E-001,0.00000E+000,9,...........
714,715,-6.64678E-001,2.17163E-004,0.00000E+000,-6.64104E-001,0.00000E+000,9,...........
715,716,-6.64477E-001,2.18300E-004,0.00000E+000,-6.63904E-001,0.00000E+000,9,...........
716,717,-6.64327E-001,2.19178E-004,0.00000E+000,-6.63754E-001,0.00000E+000,9,...........
717,718,-6.64164E-001,2.20047E-004,0.00000E+000,-6.63604E-001,0.00000E+000,9,...........
718,719,-6.63963E-001,2.21335E-004,0.00000E+000,-6.63404E-001,0.00000E+000,9,...........
719,720,-6.63819E-001,2.22161E-004,0.00000E+000,-6.63254E-001,0.00000E+000,9,...........
720,721,-6.63667E-001,2.23030E-004,0.00000E+000,-6.63104E-001,0.00000E+000,9,...........
721,722,-6.63468E-001,2.24387E-004,0.00000E+000,-6.62904E-001,0.00000E+000,9,...........
722,723,-6.63333E-001,2.25220E-004,0.00000E+000,-6.62754E-001,0.00000E+000,9,...........
723,724,-6.63129E-001,2.26490E-004,0.00000E+000,-6.62554E-001,0.00000E+000,9,...........
724,725,-6.62980E-001,2.27373E-004,0.00000E+000,-6.62404E-001,0.00000E+000,9,...........
725,726,-6.62835E-001,2.28352E-004,0.00000E+000,-6.62254E-001,0.00000E+000,9,...........
726,727,-6.62627E-001,2.29643E-004,0.00000E+000,-6.62054E-001,0.00000E+000,9,...........
727,728,-6.62477E-001,2.30488E-004,0.00000E+000,-6.61904E-001,0.00000E+000,9,...........
728,729,-6.62328E-001,2.31450E-004,0.00000E+000,-6.61754E-001,0.00000E+000,9,...........
729,730,-6.62127E-001,2.32663E-004,0.00000E+000,-6.61554E-001,0.00000E+000,9,...........
730,731,-6.61976E-001,2.33658E-004,0.00000E+000,-6.61404E-001,0.00000E+000,9,...........
731,732,-6.61830E-001,2.34613E-004,0.00000E+000,-6.61254E-001,0.00000E+000,9,...........
732,733,-6.61623E-001,2.35881E-004,0.00000E+000,-6.61054E-001,0.00000E+000,9,...........
733,734,-6.61481E-001,2.36815E-004,0.00000E+000,-6.60904E-001,0.00000E+000,9,...........
734,735,-6.61336E-001,2.37760E-004,0.00000E+000,-6.60754E-001,0.00000E+000,9,...........
735,736,-6.61131E-001,2.39166E-004,0.00000E+000,-6.60554E-001,0.00000E+000,9,...........
736,737,-6.60976E-001,2.40083E-004,0.00000E+000,-6.60404E-001,0.00000E+000,9,...........
737,738,-6.60825E-001,2.40963E-004,0.00000E+000,-6.60254E-001,0.00000E+000,9,...........
738,739,-6.60641E-001,2.42359E-004,0.00000E+000,-6.60054E-001,0.00000E+000,9,...........
739,740,-6.60489E-001,2.43308E-004,0.00000E+000,-6.59904E-001,0.00000E+000,9,...........
740,741,-6.60329E-001,2.44283E-004,0.00000E+000,-6.59754E-001,0.00000E+000,9,...........
741,742,-6.60137E-001,2.45646E-004,0.00000E+000,-6.59554E-001,0.00000E+000,9,...........
742,743,-6.59988E-001,2.46714E-004,0.00000E+000,-6.59404E-001,0.00000E+000,9,...........
743,744,-6.59830E-001,2.47603E-004,0.00000E+000,-6.59254E-001,0.00000E+000,9,...........
744,745,-6.59638E-001,2.49098E-004,0.00000E+000,-6.59054E-001,0.00000E+000,9,...........
745,746,-6.59490E-001,2.50036E-004,0.00000E+000,-6.58904E-001,0.00000E+000,9,...........
746,747,-6.59327E-001,2.51000E-004,0.00000E+000,-6.58754E-001,0.00000E+000,9,...........
747,748,-6.59115E-001,2.52426E-004,0.00000E+000,-6.58554E-001,0.00000E+000,9,...........
748,749,-6.58968E-001,2.53412E-004,0.00000E+000,-6.58404E-001,0.00000E+000,9,...........
749,750,-6.58819E-001,2.54439E-004,0.00000E+000,-6.58254E-001,0.00000E+000,9,...........
750,751,-6.58625E-001,2.55840E-004,0.00000E+000,-6.58054E-001,0.00000E+000,9,...........
751,752,-6.58477E-001,2.56975E-004,0.00000E+000,-6.57904E-001,0.00000E+000,9,...........
752,753,-6.58325E-001,2.57906E-004,0.00000E+000,-6.57754E-001,0.00000E+000,9,...........
753,754,-6.58131E-001,2.59412E-004,0.00000E+000,-6.57554E-001,0.00000E+000,9,...........
754,755,-6.57975E-001,2.60465E-004,0.00000E+000,-6.57404E-001,0.00000E+000,9,...........
755,756,-6.57826E-001,2.61436E-004,0.00000E+000,-6.57254E-001,0.00000E+000,9,...........
756,757,-6.57624E-001,2.62986E-004,0.00000E+000,-6.57054E-001,0.00000E+000,9,...........
757,758,-6.57480E-001,2.63993E-004,0.00000E+000,-6.56904E-001,0.00000E+000,9,...........
758,759,-6.57332E-001,2.65044E-004,0.00000E+000,-6.56754E-001,0.00000E+000,9,...........
759,760,-6.57132E-001,2.66573E-004,0.00000E+000,-6.56554E-001,0.00000E+000,9,...........
760,761,-6.56986E-001,2.67567E-004,0.00000E+000,-6.56404E-001,0.00000E+000,9,...........
761,762,-6.56829E-001,2.68651E-004,0.00000E+000,-6.56254E-001,0.00000E+000,9,...........
762,763,-6.56632E-001,2.70195E-004,0.00000E+000,-6.56054E-001,0.00000E+000,9,...........
763,764,-6.56482E-001,2.71256E-004,0.00000E+000,-6.55904E-001,0.00000E+000,9,...........
764,765,-6.56339E-001,2.72361E-004,0.00000E+000,-6.55754E-001,0.00000E+000,9,...........
765,766,-6.56132E-001,2.73910E-004,0.00000E+000,-6.55554E-001,0.00000E+000,9,...........
766,767,-6.55976E-001,2.74977E-004,0.00000E+000,-6.55404E-001,0.00000E+000,9,...........
767,768,-6.55838E-001,2.76111E-004,0.00000E+000,-6.55254E-001,0.00000E+000,9,...........
768,769,-6.55635E-001,2.77653E-004,0.00000E+000,-6.55054E-001,0.00000E+000,9,...........
769,770,-6.55488E-001,2.78789E-004,0.00000E+000,-6.54904E-001,0.00000E+000,9,...........
770,771,-6.55329E-001,2.79917E-004,0.00000E+000,-6.54754E-001,0.00000E+000,9,...........
771,772,-6.55137E-001,2.81502E-004,0.00000E+000,-6.54554E-001,0.00000E+000,9,...........
772,773,-6.54981E-001,2.82613E-004,0.00000E+000,-6.54404E-001,0.00000E+000,9,...........
773,774,-6.54791E-001,2.84275E-004,0.00000E+000,-6.54204E-001,0.00000E+000,9,...........
774,775,-6.54638E-001,2.85374E-004,0.00000E+000,-6.54054E-001,0.00000E+000,9,...........
775,776,-6.54481E-001,2.86532E-004,0.00000E+000,-6.53904E-001,0.00000E+000,9,...........
776,777,-6.54291E-001,2.88212E-004,0.00000E+000,-6.53704E-001,0.00000E+000,9,...........
777,778,-6.54134E-001,2.89386E-004,0.00000E+000,-6.53554E-001,0.00000E+000,9,...........
778,779,-6.53987E-001,2.90467E-004,0.00000E+000,-6.53404E-001,0.00000E+000,9,...........
779,780,-6.53790E-001,2.92071E-004,0.00000E+000,-6.53204E-001,0.00000E+000,9,...........
780,781,-6.53646E-001,2.93294E-004,0.00000E+000,-6.53054E-001,0.00000E+000,9,...........
781,782,-6.53497E-001,2.94518E-004,0.00000E+000,-6.52904E-001,0.00000E+000,9,...........
782,783,-6.53291E-001,2.96119E-004,0.00000E+000,-6.52704E-001,0.00000E+000,9,...........
783,784,-6.53141E-001,2.97411E-004,0.00000E+000,-6.52554E-001,0.00000E+000,9,...........
784,785,-6.52990E-001,2.98670E-004,0.00000E+000,-6.52404E-001,0.00000E+000,9,...........
785,786,-6.52768E-001,3.00226E-004,0.00000E+000,-6.52204E-001,0.00000E+000,9,...........
786,787,-6.52618E-001,3.01551E-004,0.00000E+000,-6.52054E-001,0.00000E+000,9,...........
787,788,-6.52472E-001,3.02702E-004,0.00000E+000,-6.51904E-001,0.00000E+000,9,...........
788,789,-6.52266E-001,3.04410E-004,0.00000E+000,-6.51704E-001,0.00000E+000,9,...........
789,790,-6.52114E-001,3.05616E-004,0.00000E+000,-6.51554E-001,0.00000E+000,9,...........
790,791,-6.51969E-001,3.06853E-004,0.00000E+000,-6.51404E-001,0.00000E+000,9,...........
791,792,-6.51776E-001,3.08628E-004,0.00000E+000,-6.51204E-001,0.00000E+000,9,...........
792,793,-6.51624E-001,3.09859E-004,0.00000E+000,-6.51054E-001,0.00000E+000,9,...........
793,794,-6.51478E-001,3.11223E-004,0.00000E+000,-6.50904E-001,0.00000E+000,9,...........
794,795,-6.51273E-001,3.12880E-004,0.00000E+000,-6.50704E-001,0.00000E+000,9,...........
795,796,-6.51122E-001,3.14161E-004,0.00000E+000,-6.50554E-001,0.00000E+000,9,...........
796,797,-6.50976E-001,3.15393E-004,0.00000E+000,-6.50404E-001,0.00000E+000,9,...........
797,798,-6.50773E-001,3.17232E-004,0.00000E+000,-6.50204E-001,0.00000E+000,9,...........
798,799,-6.50629E-001,3.18401E-004,0.00000E+000,-6.50054E-001,0.00000E+000,9,...........
799,800,-6.50480E-001,3.19815E-004,0.00000E+000,-6.49904E-001,0.00000E+000,9,...........
800,801,-6.50280E-001,3.21560E-004,0.00000E+000,-6.49705E-001,0.00000E+000,9,...........
801,802,-6.50131E-001,3.22887E-004,0.00000E+000,-6.49554E-001,0.00000E+000,9,...........
802,803,-6.49984E-001,3.24205E-004,0.00000E+000,-6.49405E-001,0.00000E+000,9,...........
803,804,-6.49770E-001,3.26045E-004,0.00000E+000,-6.49205E-001,0.00000E+000,9,...........
804,805,-6.49625E-001,3.27410E-004,0.00000E+000,-6.49055E-001,0.00000E+000,9,...........
805,806,-6.49470E-001,3.28744E-004,0.00000E+000,-6.48905E-001,0.00000E+000,9,...........
806,807,-6.49283E-001,3.30665E-004,0.00000E+000,-6.48705E-001,0.00000E+000,9,...........
807,808,-6.49119E-001,3.32018E-004,0.00000E+000,-6.48555E-001,0.00000E+000,9,...........
808,809,-6.48984E-001,3.33370E-004,0.00000E+000,-6.48405E-001,0.00000E+000,9,...........
809,810,-6.48794E-001,3.35270E-004,0.00000E+000,-6.48205E-001,0.00000E+000,9,...........
810,811,-6.48641E-001,3.36607E-004,0.00000E+000,-6.48055E-001,0.00000E+000,9,...........
811,812,-6.48495E-001,3.37934E-004,0.00000E+000,-6.47905E-001,0.00000E+000,9,...........
812,813,-6.48292E-001,3.39896E-004,0.00000E+000,-6.47705E-001,0.00000E+000,9,...........
813,814,-6.48130E-001,3.41279E-004,0.00000E+000,-6.47555E-001,0.00000E+000,9,...........
814,815,-6.47980E-001,3.42728E-004,0.00000E+000,-6.47405E-001,0.00000E+000,9,...........
815,816,-6.47781E-001,3.44604E-004,0.00000E+000,-6.47205E-001,0.00000E+000,9,...........
816,817,-6.47633E-001,3.46046E-004,0.00000E+000,-6.47055E-001,0.00000E+000,9,...........
817,818,-6.47483E-001,3.47433E-004,0.00000E+000,-6.46905E-001,0.00000E+000,9,...........
818,819,-6.47295E-001,3.49400E-004,0.00000E+000,-6.46705E-001,0.00000E+000,9,...........
819,820,-6.47139E-001,3.50908E-004,0.00000E+000,-6.46555E-001,0.00000E+000,9,...........
820,821,-6.46943E-001,3.52961E-004,0.00000E+000,-6.46355E-001,0.00000E+000,9,...........
821,822,-6.46797E-001,3.54404E-004,0.00000E+000,-6.46205E-001,0.00000E+000,9,...........
822,823,-6.46646E-001,3.55803E-004,0.00000E+000,-6.46055E-001,0.00000E+000,9,...........
823,824,-6.46428E-001,3.57861E-004,0.00000E+000,-6.45855E-001,0.00000E+000,9,...........
824,825,-6.46284E-001,3.59310E-004,0.00000E+000,-6.45705E-001,0.00000E+000,9,...........
825,826,-6.46137E-001,3.60823E-004,0.00000E+000,-6.45555E-001,0.00000E+000,9,...........
826,827,-6.45932E-001,3.62842E-004,0.00000E+000,-6.45355E-001,0.00000E+000,9,...........
827,828,-6.45791E-001,3.64331E-004,0.00000E+000,-6.45205E-001,0.00000E+000,9,...........
828,829,-6.45636E-001,3.65860E-004,0.00000E+000,-6.45055E-001,0.00000E+000,9,...........
829,830,-6.45437E-001,3.67860E-004,0.00000E+000,-6.44855E-001,0.00000E+000,9,...........
830,831,-6.45286E-001,3.69497E-004,0.00000E+000,-6.44705E-001,0.00000E+000,9,...........
831,832,-6.45134E-001,3.71043E-004,0.00000E+000,-6.44555E-001,0.00000E+000,9,...........
832,833,-6.44938E-001,3.73085E-004,0.00000E+000,-6.44355E-001,0.00000E+000,9,...........
833,834,-6.44787E-001,3.74571E-004,0.00000E+000,-6.44205E-001,0.00000E+000,9,...........
834,835,-6.44645E-001,3.76136E-004,0.00000E+000,-6.44055E-001,0.00000E+000,9,...........
835,836,-6.44445E-001,3.78328E-004,0.00000E+000,-6.43855E-001,0.00000E+000,9,...........
836,837,-6.44288E-001,3.79837E-004,0.00000E+000,-6.43705E-001,0.00000E+000,9,...........
837,838,-6.44141E-001,3.81421E-004,0.00000E+000,-6.43555E-001,0.00000E+000,9,...........
838,839,-6.43935E-001,3.83618E-004,0.00000E+000,-6.43355E-001,0.00000E+000,9,...........
839,840,-6.43786E-001,3.85181E-004,0.00000E+000,-6.43205E-001,0.00000E+000,9,...........
840,841,-6.43648E-001,3.86743E-004,0.00000E+000,-6.43055E-001,0.00000E+000,9,...........
841,842,-6.43447E-001,3.89028E-004,0.00000E+000,-6.42855E-001,0.00000E+000,9,...........
842,843,-6.43284E-001,3.90534E-004,0.00000E+000,-6.42705E-001,0.00000E+000,9,...........
843,844,-6.43132E-001,3.92166E-004,0.00000E+000,-6.42555E-001,0.00000E+000,9,...........
844,845,-6.42943E-001,3.94413E-004,0.00000E+000,-6.42355E-001,0.00000E+000,9,...........
845,846,-6.42795E-001,3.96153E-004,0.00000E+000,-6.42205E-001,0.00000E+000,9,...........
846,847,-6.42641E-001,3.97714E-004,0.00000E+000,-6.42055E-001,0.00000E+000,9,...........
847,848,-6.42439E-001,4.00073E-004,0.00000E+000,-6.41855E-001,0.00000E+000,9,...........
848,849,-6.42288E-001,4.01652E-004,0.00000E+000,-6.41705E-001,0.00000E+000,9,...........
849,850,-6.42142E-001,4.03273E-004,0.00000E+000,-6.41555E-001,0.00000E+000,9,...........
850,851,-6.41943E-001,4.05695E-004,0.00000E+000,-6.41355E-001,0.00000E+000,9,...........
851,852,-6.41796E-001,4.07306E-004,0.00000E+000,-6.41205E-001,0.00000E+000,9,...........
852,853,-6.41647E-001,4.09035E-004,0.00000E+000,-6.41055E-001,0.00000E+000,9,...........
853,854,-6.41444E-001,4.11291E-004,0.00000E+000,-6.40855E-001,0.00000E+000,9,...........
854,855,-6.41298E-001,4.13075E-004,0.00000E+000,-6.40705E-001,0.00000E+000,9,...........
855,856,-6.41147E-001,4.14710E-004,0.00000E+000,-6.40555E-001,0.00000E+000,9,...........
856,857,-6.40947E-001,4.17035E-004,0.00000E+000,-6.40355E-001,0.00000E+000,9,...........
857,858,-6.40801E-001,4.18824E-004,0.00000E+000,-6.40205E-001,0.00000E+000,9,...........
858,859,-6.40647E-001,4.20658E-004,0.00000E+000,-6.40055E-001,0.00000E+000,9,...........
859,860,-6.40449E-001,4.22895E-004,0.00000E+000,-6.39855E-001,0.00000E+000,9,...........
860,861,-6.40301E-001,4.24757E-004,0.00000E+000,-6.39705E-001,0.00000E+000,9,...........
861,862,-6.40151E-001,4.26439E-004,0.00000E+000,-6.39555E-001,0.00000E+000,9,...........
862,863,-6.39922E-001,4.28897E-004,0.00000E+000,-6.39355E-001,0.00000E+000,9,...........
863,864,-6.39782E-001,4.30663E-004,0.00000E+000,-6.39205E-001,0.00000E+000,9,...........
864,865,-6.39628E-001,4.32428E-004,0.00000E+000,-6.39055E-001,0.00000E+000,9,...........
865,866,-6.39430E-001,4.34865E-004,0.00000E+000,-6.38855E-001,0.00000E+000,9,...........
866,867,-6.39279E-001,4.36653E-004,0.00000E+000,-6.38705E-001,0.00000E+000,9,...........
867,868,-6.39122E-001,4.38507E-004,0.00000E+000,-6.38555E-001,0.00000E+000,9,...........
868,869,-6.38933E-001,4.41001E-004,0.00000E+000,-6.38355E-001,0.00000E+000,9,...........
869,870,-6.38776E-001,4.42926E-004,0.00000E+000,-6.38205E-001,0.00000E+000,9,...........
870,871,-6.38579E-001,4.45316E-004,0.00000E+000,-6.38005E-001,0.00000E+000,9,...........
871,872,-6.38441E-001,4.47295E-004,0.00000E+000,-6.37855E-001,0.00000E+000,9,...........
872,873,-6.38285E-001,4.49160E-004,0.00000E+000,-6.37705E-001,0.00000E+000,9,...........
873,874,-6.38086E-001,4.51594E-004,0.00000E+000,-6.37505E-001,0.00000E+000,9,...........
874,875,-6.37934E-001,4.53553E-004,0.00000E+000,-6.37355E-001,0.00000E+000,9,...........
875,876,-6.37781E-001,4.55411E-004,0.00000E+000,-6.37205E-001,0.00000E+000,9,...........
876,877,-6.37585E-001,4.58005E-004,0.00000E+000,-6.37005E-001,0.00000E+000,9,...........
877,878,-6.37434E-001,4.59894E-004,0.00000E+000,-6.36855E-001,0.00000E+000,9,...........
878,879,-6.37286E-001,4.61907E-004,0.00000E+000,-6.36705E-001,0.00000E+000,9,...........
879,880,-6.37093E-001,4.64443E-004,0.00000E+000,-6.36505E-001,0.00000E+000,9,...........
880,881,-6.36923E-001,4.66390E-004,0.00000E+000,-6.36355E-001,0.00000E+000,9,...........
881,882,-6.36779E-001,4.68241E-004,0.00000E+000,-6.36205E-001,0.00000E+000,9,...........
882,883,-6.36580E-001,4.70951E-004,0.00000E+000,-6.36005E-001,0.00000E+000,9,...........
883,884,-6.36436E-001,4.72967E-004,0.00000E+000,-6.35855E-001,0.00000E+000,9,...........
884,885,-6.36284E-001,4.74878E-004,0.00000E+000,-6.35705E-001,0.00000E+000,9,...........
885,886,-6.36082E-001,4.77481E-004,0.00000E+000,-6.35505E-001,0.00000E+000,9,...........
886,887,-6.35929E-001,4.79518E-004,0.00000E+000,-6.35355E-001,0.00000E+000,9,...........
887,888,-6.35787E-001,4.81482E-004,0.00000E+000,-6.35205E-001,0.00000E+000,9,...........
888,889,-6.35582E-001,4.84179E-004,0.00000E+000,-6.35005E-001,0.00000E+000,9,...........
889,890,-6.35432E-001,4.86291E-004,0.00000E+000,-6.34855E-001,0.00000E+000,9,...........
890,891,-6.35283E-001,4.88323E-004,0.00000E+000,-6.34705E-001,0.00000E+000,9,...........
891,892,-6.35094E-001,4.91158E-004,0.00000E+000,-6.34506E-001,0.00000E+000,9,...........
892,893,-6.34935E-001,4.93168E-004,0.00000E+000,-6.34355E-001,0.00000E+000,9,...........
893,894,-6.34790E-001,4.95150E-004,0.00000E+000,-6.34205E-001,0.00000E+000,9,...........
894,895,-6.34592E-001,4.98030E-004,0.00000E+000,-6.34006E-001,0.00000E+000,9,...........
895,896,-6.34435E-001,4.99992E-004,0.00000E+000,-6.33856E-001,0.00000E+000,9,...........
896,897,-6.34287E-001,5.02088E-004,0.00000E+000,-6.33705E-001,0.00000E+000,9,...........
897,898,-6.34093E-001,5.05087E-004,0.00000E+000,-6.33506E-001,0.00000E+000,9,...........
898,899,-6.33939E-001,5.07044E-004,0.00000E+000,-6.33356E-001,0.00000E+000,9,...........
899,900,-6.33797E-001,5.09108E-004,0.00000E+000,-6.33206E-001,0.00000E+000,9,...........
900,901,-6.33571E-001,5.11985E-004,0.00000E+000,-6.33006E-001,0.00000E+000,9,...........
901,902,-6.33427E-001,5.14222E-004,0.00000E+000,-6.32856E-001,0.00000E+000,9,...........
902,903,-6.33280E-001,5.16243E-004,0.00000E+000,-6.32706E-001,0.00000E+000,9,...........
903,904,-6.33077E-001,5.19079E-004,0.00000E+000,-6.32506E-001,0.00000E+000,9,...........
904,905,-6.32937E-001,5.21416E-004,0.00000E+000,-6.32356E-001,0.00000E+000,9,...........
905,906,-6.32788E-001,5.23424E-004,0.00000E+000,-6.32206E-001,0.00000E+000,9,...........
906,907,-6.32596E-001,5.26397E-004,0.00000E+000,-6.32006E-001,0.00000E+000,9,...........
907,908,-6.32448E-001,5.28606E-004,0.00000E+000,-6.31856E-001,0.00000E+000,9,...........
908,909,-6.32295E-001,5.30711E-004,0.00000E+000,-6.31706E-001,0.00000E+000,9,...........
909,910,-6.32080E-001,5.33693E-004,0.00000E+000,-6.31506E-001,0.00000E+000,9,...........
910,911,-6.31927E-001,5.35989E-004,0.00000E+000,-6.31356E-001,0.00000E+000,9,...........
911,912,-6.31786E-001,5.38160E-004,0.00000E+000,-6.31206E-001,0.00000E+000,9,...........
912,913,-6.31585E-001,5.41117E-004,0.00000E+000,-6.31006E-001,0.00000E+000,9,...........
913,914,-6.31442E-001,5.43501E-004,0.00000E+000,-6.30856E-001,0.00000E+000,9,...........
914,915,-6.31301E-001,5.45512E-004,0.00000E+000,-6.30706E-001,0.00000E+000,9,...........
915,916,-6.31102E-001,5.48691E-004,0.00000E+000,-6.30506E-001,0.00000E+000,9,...........
916,917,-6.30949E-001,5.51083E-004,0.00000E+000,-6.30356E-001,0.00000E+000,9,...........
917,918,-6.30757E-001,5.54100E-004,0.00000E+000,-6.30156E-001,0.00000E+000,9,...........
918,919,-6.30601E-001,5.56465E-004,0.00000E+000,-6.30006E-001,0.00000E+000,9,...........
919,920,-6.30434E-001,5.58834E-004,0.00000E+000,-6.29856E-001,0.00000E+000,9,...........
920,921,-6.30248E-001,5.61827E-004,0.00000E+000,-6.29656E-001,0.00000E+000,9,...........
921,922,-6.30090E-001,5.64049E-004,0.00000E+000,-6.29506E-001,0.00000E+000,9,...........
922,923,-6.29942E-001,5.66463E-004,0.00000E+000,-6.29356E-001,0.00000E+000,9,...........
923,924,-6.29756E-001,5.69550E-004,0.00000E+000,-6.29156E-001,0.00000E+000,9,...........
924,925,-6.29593E-001,5.72008E-004,0.00000E+000,-6.29006E-001,0.00000E+000,9,...........
925,926,-6.29455E-001,5.74226E-004,0.00000E+000,-6.28856E-001,0.00000E+000,9,...........
926,927,-6.29254E-001,5.77501E-004,0.00000E+000,-6.28656E-001,0.00000E+000,9,...........
927,928,-6.29107E-001,5.79887E-004,0.00000E+000,-6.28506E-001,0.00000E+000,9,...........
928,929,-6.28952E-001,5.82169E-004,0.00000E+000,-6.28356E-001,0.00000E+000,9,...........
929,930,-6.28747E-001,5.85325E-004,0.00000E+000,-6.28156E-001,0.00000E+000,9,...........
930,931,-6.28594E-001,5.87755E-004,0.00000E+000,-6.28006E-001,0.00000E+000,9,...........
931,932,-6.28449E-001,5.90220E-004,0.00000E+000,-6.27856E-001,0.00000E+000,9,...........
932,933,-6.28254E-001,5.93530E-004,0.00000E+000,-6.27656E-001,0.00000E+000,9,...........
933,934,-6.28107E-001,5.95908E-004,0.00000E+000,-6.27506E-001,0.00000E+000,9,...........
934,935,-6.27954E-001,5.98343E-004,0.00000E+000,-6.27356E-001,0.00000E+000,9,...........
935,936,-6.27758E-001,6.01579E-004,0.00000E+000,-6.27156E-001,0.00000E+000,9,...........
936,937,-6.27606E-001,6.04113E-004,0.00000E+000,-6.27006E-001,0.00000E+000,9,...........
937,938,-6.27468E-001,6.06512E-004,0.00000E+000,-6.26856E-001,0.00000E+000,9,...........
938,939,-6.27227E-001,6.09821E-004,0.00000E+000,-6.26656E-001,0.00000E+000,9,...........
939,940,-6.27079E-001,6.12434E-004,0.00000E+000,-6.26506E-001,0.00000E+000,9,...........
940,941,-6.26935E-001,6.14758E-004,0.00000E+000,-6.26356E-001,0.00000E+000,9,...........
941,942,-6.26732E-001,6.18297E-004,0.00000E+000,-6.26156E-001,0.00000E+000,9,...........
942,943,-6.26589E-001,6.20635E-004,0.00000E+000,-6.26006E-001,0.00000E+000,9,...........
943,944,-6.26439E-001,6.23313E-004,0.00000E+000,-6.25856E-001,0.00000E+000,9,...........
944,945,-6.26229E-001,6.26701E-004,0.00000E+000,-6.25656E-001,0.00000E+000,9,...........
945,946,-6.26087E-001,6.29396E-004,0.00000E+000,-6.25506E-001,0.00000E+000,9,...........
946,947,-6.25948E-001,6.31712E-004,0.00000E+000,-6.25356E-001,0.00000E+000,9,...........
947,948,-6.25736E-001,6.35283E-004,0.00000E+000,-6.25156E-001,0.00000E+000,9,...........
948,949,-6.25586E-001,6.38014E-004,0.00000E+000,-6.25006E-001,0.00000E+000,9,...........
949,950,-6.25443E-001,6.40397E-004,0.00000E+000,-6.24856E-001,0.00000E+000,9,...........
950,951,-6.25239E-001,6.43967E-004,0.00000E+000,-6.24656E-001,0.00000E+000,9,...........
951,952,-6.25093E-001,6.46639E-004,0.00000E+000,-6.24506E-001,0.00000E+000,9,...........
952,953,-6.24946E-001,6.49256E-004,0.00000E+000,-6.24356E-001,0.00000E+000,9,...........
953,954,-6.24736E-001,6.52947E-004,0.00000E+000,-6.24156E-001,0.00000E+000,9,...........
954,955,-6.24588E-001,6.55554E-004,0.00000E+000,-6.24006E-001,0.00000E+000,9,...........
955,956,-6.24437E-001,6.58038E-004,0.00000E+000,-6.23856E-001,0.00000E+000,9,...........
956,957,-6.24240E-001,6.61597E-004,0.00000E+000,-6.23656E-001,0.00000E+000,9,...........
957,958,-6.24082E-001,6.64398E-004,0.00000E+000,-6.23506E-001,0.00000E+000,9,...........
958,959,-6.23930E-001,6.66987E-004,0.00000E+000,-6.23356E-001,0.00000E+000,9,...........
959,960,-6.23733E-001,6.70726E-004,0.00000E+000,-6.23156E-001,0.00000E+000,9,...........
960,961,-6.23595E-001,6.73411E-004,0.00000E+000,-6.23006E-001,0.00000E+000,9,...........
961,962,-6.23437E-001,6.76076E-004,0.00000E+000,-6.22856E-001,0.00000E+000,9,...........
962,963,-6.23246E-001,6.79718E-004,0.00000E+000,-6.22656E-001,0.00000E+000,9,...........
963,964,-6.23095E-001,6.82621E-004,0.00000E+000,-6.22506E-001,0.00000E+000,9,...........
964,965,-6.22892E-001,6.86232E-004,0.00000E+000,-6.22306E-001,0.00000E+000,9,...........
965,966,-6.22740E-001,6.88961E-004,0.00000E+000,-6.22156E-001,0.00000E+000,9,...........
966,967,-6.22589E-001,6.91751E-004,0.00000E+000,-6.22006E-001,0.00000E+000,9,...........
967,968,-6.22389E-001,6.95455E-004,0.00000E+000,-6.21806E-001,0.00000E+000,9,...........
968,969,-6.22246E-001,6.98333E-004,0.00000E+000,-6.21656E-001,0.00000E+000,9,...........
969,970,-6.22093E-001,7.01158E-004,0.00000E+000,-6.21506E-001,0.00000E+000,9,...........
970,971,-6.21895E-001,7.04865E-004,0.00000E+000,-6.21306E-001,0.00000E+000,9,...........
971,972,-6.21745E-001,7.07698E-004,0.00000E+000,-6.21156E-001,0.00000E+000,9,...........
972,973,-6.21590E-001,7.10623E-004,0.00000E+000,-6.21006E-001,0.00000E+000,9,...........
973,974,-6.21395E-001,7.14349E-004,0.00000E+000,-6.20806E-001,0.00000E+000,9,...........
974,975,-6.21249E-001,7.17116E-004,0.00000E+000,-6.20656E-001,0.00000E+000,9,...........
975,976,-6.21088E-001,7.20056E-004,0.00000E+000,-6.20506E-001,0.00000E+000,9,...........
976,977,-6.20879E-001,7.23869E-004,0.00000E+000,-6.20306E-001,0.00000E+000,9,...........
977,978,-6.20733E-001,7.26742E-004,0.00000E+000,-6.20156E-001,0.00000E+000,9,...........
978,979,-6.20586E-001,7.29685E-004,0.00000E+000,-6.20006E-001,0.00000E+000,9,...........
979,980,-6.20379E-001,7.33593E-004,0.00000E+000,-6.19806E-001,0.00000E+000,9,...........
980,981,-6.20231E-001,7.36402E-004,0.00000E+000,-6.19656E-001,0.00000E+000,9,...........
981,982,-6.20083E-001,7.39486E-004,0.00000E+000,-6.19506E-001,0.00000E+000,9,...........
982,983,-6.19879E-001,7.43450E-004,0.00000E+000,-6.19306E-001,0.00000E+000,9,...........
983,984,-6.19732E-001,7.46391E-004,0.00000E+000,-6.19156E-001,0.00000E+000,9,...........
984,985,-6.19584E-001,7.49288E-004,0.00000E+000,-6.19006E-001,0.00000E+000,9,...........
985,986,-6.19384E-001,7.53329E-004,0.00000E+000,-6.18806E-001,0.00000E+000,9,...........
986,987,-6.19243E-001,7.56450E-004,0.00000E+000,-6.18657E-001,0.00000E+000,9,...........
987,988,-6.19089E-001,7.59108E-004,0.00000E+000,-6.18506E-001,0.00000E+000,9,...........
988,989,-6.18887E-001,7.63285E-004,0.00000E+000,-6.18307E-001,0.00000E+000,9,...........
989,990,-6.18739E-001,7.66193E-004,0.00000E+000,-6.18157E-001,0.00000E+000,9,...........
990,991,-6.18589E-001,7.69264E-004,0.00000E+000,-6.18007E-001,0.00000E+000,9,...........
991,992,-6.18385E-001,7.73286E-004,0.00000E+000,-6.17807E-001,0.00000E+000,9,...........
992,993,-6.18241E-001,7.76307E-004,0.00000E+000,-6.17657E-001,0.00000E+000,9,...........
993,994,-6.18089E-001,7.79299E-004,0.00000E+000,-6.17507E-001,0.00000E+000,9,...........
994,995,-6.17887E-001,7.83558E-004,0.00000E+000,-6.17307E-001,0.00000E+000,9,...........
995,996,-6.17739E-001,7.86578E-004,0.00000E+000,-6.17157E-001,0.00000E+000,9,...........
996,997,-6.17583E-001,7.89663E-004,0.00000E+000,-6.17007E-001,0.00000E+000,9,...........
997,998,-6.17383E-001,7.93763E-004,0.00000E+000,-6.16807E-001,0.00000E+000,9,...........
998,999,-6.17243E-001,7.96825E-004,0.00000E+000,-6.16657E-001,0.00000E+000,9,...........
999,1000,-6.17091E-001,7.99890E-004,0.00000E+000,-6.16507E-001,0.00000E+000,9,...........
1000,1001,-6.16895E-001,8.04125E-004,0.00000E+000,-6.16307E-001,0.00000E+000,9,...........
1001,1002,-6.16747E-001,8.07197E-004,0.00000E+000,-6.16157E-001,0.00000E+000,9,...........
1002,1003,-6.16595E-001,8.10431E-004,0.00000E+000,-6.16007E-001,0.00000E+000,9,...........
1003,1004,-6.16402E-001,8.14613E-004,0.00000E+000,-6.15807E-001,0.00000E+000,9,...........
1004,1005,-6.16251E-001,8.17706E-004,0.00000E+000,-6.15657E-001,0.00000E+000,9,...........
1005,1006,-6.16087E-001,8.20866E-004,0.00000E+000,-6.15507E-001,0.00000E+000,9,...........
1006,1007,-6.15888E-001,8.25221E-004,0.00000E+000,-6.15307E-001,0.00000E+000,9,...........
1007,1008,-6.15742E-001,8.28221E-004,0.00000E+000,-6.15157E-001,0.00000E+000,9,...........
1008,1009,-6.15594E-001,8.31333E-004,0.00000E+000,-6.15007E-001,0.00000E+000,9,...........
1009,1010,-6.15391E-001,8.35736E-004,0.00000E+000,-6.14807E-001,0.00000E+000,9,...........
1010,1011,-6.15251E-001,8.38978E-004,0.00000E+000,-6.14657E-001,0.00000E+000,9,...........
1011,1012,-6.15098E-001,8.42185E-004,0.00000E+000,-6.14507E-001,0.00000E+000,9,...........
1012,1013,-6.14902E-001,8.46664E-004,0.00000E+000,-6.14307E-001,0.00000E+000,9,...........
1013,1014,-6.14759E-001,8.49794E-004,0.00000E+000,-6.14157E-001,0.00000E+000,9,...........
1014,1015,-6.14534E-001,8.54247E-004,0.00000E+000,-6.13957E-001,0.00000E+000,9,...........
1015,1016,-6.14382E-001,8.57529E-004,0.00000E+000,-6.13807E-001,0.00000E+000,9,...........
1016,1017,-6.14238E-001,8.60752E-004,0.00000E+000,-6.13657E-001,0.00000E+000,9,...........
1017,1018,-6.14037E-001,8.65182E-004,0.00000E+000,-6.13457E-001,0.00000E+000,9,...........
1018,1019,-6.13889E-001,8.68359E-004,0.00000E+000,-6.13307E-001,0.00000E+000,9,...........
1019,1020,-6.13751E-001,8.71745E-004,0.00000E+000,-6.13157E-001,0.00000E+000,9,...........
1020,1021,-6.13539E-001,8.76282E-004,0.00000E+000,-6.12957E-001,0.00000E+000,9,...........
1021,1022,-6.13392E-001,8.79368E-004,0.00000E+000,-6.12807E-001,0.00000E+000,9,...........
1022,1023,-6.13240E-001,8.82571E-004,0.00000E+000,-6.12657E-001,0.00000E+000,9,...........
1023,1024,-6.13041E-001,8.87400E-004,0.00000E+000,-6.12457E-001,0.00000E+000,9,...........
1024,1025,-6.12881E-001,8.91451E-004,0.00000E+000,-6.12307E-001,0.00000E+000,10,...........
1025,1026,-6.12735E-001,8.94637E-004,0.00000E+000,-6.12157E-001,0.00000E+000,10,...........
1026,1027,-6.12538E-001,8.99457E-004,0.00000E+000,-6.11957E-001,0.00000E+000,10,...........
1027,1028,-6.12377E-001,9.02703E-004,0.00000E+000,-6.11807E-001,0.00000E+000,10,...........
1028,1029,-6.12236E-001,9.05759E-004,0.00000E+000,-6.11657E-001,0.00000E+000,10,...........
1029,1030,-6.12042E-001,9.10631E-004,0.00000E+000,-6.11457E-001,0.00000E+000,10,...........
1030,1031,-6.11881E-001,9.13790E-004,0.00000E+000,-6.11307E-001,0.00000E+000,10,...........
1031,1032,-6.11744E-001,9.17407E-004,0.00000E+000,-6.11157E-001,0.00000E+000,10,...........
1032,1033,-6.11536E-001,9.21852E-004,0.00000E+000,-6.10957E-001,0.00000E+000,10,...........
1033,1034,-6.11375E-001,9.25328E-004,0.00000E+000,-6.10807E-001,0.00000E+000,10,...........
1034,1035,-6.11228E-001,9.28695E-004,0.00000E+000,-6.10657E-001,0.00000E+000,10,...........
1035,1036,-6.11039E-001,9.33349E-004,0.00000E+000,-6.10457E-001,0.00000E+000,10,...........
1036,1037,-6.10881E-001,9.37032E-004,0.00000E+000,-6.10307E-001,0.00000E+000,10,...........
1037,1038,-6.10731E-001,9.40156E-004,0.00000E+000,-6.10157E-001,0.00000E+000,10,...........
1038,1039,-6.10536E-001,9.45046E-004,0.00000E+000,-6.09957E-001,0.00000E+000,10,...........
1039,1040,-6.10385E-001,9.48444E-004,0.00000E+000,-6.09807E-001,0.00000E+000,10,...........
1040,1041,-6.10235E-001,9.51889E-004,0.00000E+000,-6.09657E-001,0.00000E+000,10,...........
1041,1042,-6.10038E-001,9.56810E-004,0.00000E+000,-6.09457E-001,0.00000E+000,10,...........
1042,1043,-6.09885E-001,9.60290E-004,0.00000E+000,-6.09307E-001,0.00000E+000,10,...........
1043,1044,-6.09742E-001,9.63501E-004,0.00000E+000,-6.09157E-001,0.00000E+000,10,...........
1044,1045,-6.09543E-001,9.68564E-004,0.00000E+000,-6.08957E-001,0.00000E+000,10,...........
1045,1046,-6.09387E-001,9.71824E-004,0.00000E+000,-6.08807E-001,0.00000E+000,10,...........
1046,1047,-6.09238E-001,9.75424E-004,0.00000E+000,-6.08657E-001,0.00000E+000,10,...........
1047,1048,-6.09037E-001,9.80437E-004,0.00000E+000,-6.08457E-001,0.00000E+000,10,...........
1048,1049,-6.08884E-001,9.83974E-004,0.00000E+000,-6.08307E-001,0.00000E+000,10,...........
1049,1050,-6.08737E-001,9.87465E-004,0.00000E+000,-6.08157E-001,0.00000E+000,10,...........
1050,1051,-6.08539E-001,9.92467E-004,0.00000E+000,-6.07957E-001,0.00000E+000,10,...........
1051,1052,-6.08402E-001,9.96151E-004,0.00000E+000,-6.07807E-001,0.00000E+000,10,...........
1052,1053,-6.08240E-001,9.99758E-004,0.00000E+000,-6.07657E-001,0.00000E+000,10,...........
1053,1054,-6.08034E-001,1.00454E-003,0.00000E+000,-6.07457E-001,0.00000E+000,10,...........
1054,1055,-6.07886E-001,1.00811E-003,0.00000E+000,-6.07307E-001,0.00000E+000,10,...........
1055,1056,-6.07737E-001,1.01176E-003,0.00000E+000,-6.07157E-001,0.00000E+000,10,...........
